,mct_path,y_path,y_hat_path,num_tps,num_fps,num_fns,precision,recall,f1
0,./dataset/fiddlercrab_corneas/whole/test_images_10/flammula_20190925_male_left-image.nii,./dataset/fiddlercrab_corneas/whole/test_labels_10/flammula_20190925_male_left-corneas.csv,./output/flammula_20190925_male_left-image.logs_fiddlercrab_corneas_lightning_logs_version_26_checkpoints_last_x_1_y_1_z_1_average_threshold_0.5_prediction_peak_min_val_0_2_method_max_filter.resampled_space_peaks.csv,2662,504,5469,0.8408085912823753,0.3273890050424302,0.4712755598831548
1,./dataset/fiddlercrab_corneas/whole/test_images_10/flammula_20190925_male_left-image.nii,./dataset/fiddlercrab_corneas/whole/test_labels_10/flammula_20190925_male_left-corneas.csv,./output/flammula_20190925_male_left-image.logs_fiddlercrab_corneas_lightning_logs_version_26_checkpoints_last_x_1_y_1_z_2_average_threshold_0.2_prediction_peak_min_val_0_4_method_max_filter.resampled_space_peaks.csv,5180,2665,2951,0.6602931803696622,0.6370680113147215,0.6484727090635953
2,./dataset/fiddlercrab_corneas/whole/test_images_10/flammula_20190925_male_left-image.nii,./dataset/fiddlercrab_corneas/whole/test_labels_10/flammula_20190925_male_left-corneas.csv,./output/flammula_20190925_male_left-image.logs_fiddlercrab_corneas_lightning_logs_version_26_checkpoints_last_x_1_y_1_z_2_average_threshold_0.3_prediction_peak_min_val_0_5_method_center_of_mass.resampled_space_peaks.csv,4683,1199,3448,0.796157769466168,0.5759439183372279,0.6683793620209806
3,./dataset/fiddlercrab_corneas/whole/test_images_10/dampieri_male_16-image.nii,./dataset/fiddlercrab_corneas/whole/test_labels_10/dampieri_male_16-corneas.csv,./output/dampieri_male_16-image.logs_fiddlercrab_corneas_lightning_logs_version_26_checkpoints_last_x_1_y_1_z_1_average_threshold_None_prediction_peak_min_val_0_4_method_max_filter.resampled_space_peaks.csv,5077,1178,179,0.8116706634692247,0.9659436834094368,0.882112761706194
4,./dataset/fiddlercrab_corneas/whole/test_images_10/dampieri_male_16-image.nii,./dataset/fiddlercrab_corneas/whole/test_labels_10/dampieri_male_16-corneas.csv,./output/dampieri_male_16-image.logs_fiddlercrab_corneas_lightning_logs_version_26_checkpoints_last_x_1_y_1_z_1_average_threshold_0.3_prediction_peak_min_val_0_3_method_center_of_mass.resampled_space_peaks.csv,4319,765,937,0.8495279307631786,0.8217275494672754,0.8353965183752416
5,./dataset/fiddlercrab_corneas/whole/test_images_10/dampieri_male_16-image.nii,./dataset/fiddlercrab_corneas/whole/test_labels_10/dampieri_male_16-corneas.csv,./output/dampieri_male_16-image.logs_fiddlercrab_corneas_lightning_logs_version_26_checkpoints_last_x_1_y_1_z_2_average_threshold_0.3_prediction_peak_min_val_0_2_method_center_of_mass.resampled_space_peaks.csv,3774,799,1482,0.8252788104089219,0.7180365296803652,0.767931630888188
6,./dataset/fiddlercrab_corneas/whole/test_images_10/dampieri_male_16-image.nii,./dataset/fiddlercrab_corneas/whole/test_labels_10/dampieri_male_16-corneas.csv,./output/dampieri_male_16-image.logs_fiddlercrab_corneas_lightning_logs_version_26_checkpoints_last_x_1_y_1_z_2_average_threshold_0.3_prediction_peak_min_val_0_4_method_center_of_mass.resampled_space_peaks.csv,5033,1183,223,0.8096846846846847,0.957572298325723,0.8774407252440725
7,./dataset/fiddlercrab_corneas/whole/test_images_10/flammula_20190925_male_left-image.nii,./dataset/fiddlercrab_corneas/whole/test_labels_10/flammula_20190925_male_left-corneas.csv,./output/flammula_20190925_male_left-image.logs_fiddlercrab_corneas_lightning_logs_version_26_checkpoints_last_x_1_y_1_z_2_average_threshold_0.2_prediction_peak_min_val_0_25_method_max_filter.resampled_space_peaks.csv,5949,3027,2182,0.6627673796791443,0.7316443241913664,0.6955047641316421
8,./dataset/fiddlercrab_corneas/whole/test_images_10/dampieri_male_16-image.nii,./dataset/fiddlercrab_corneas/whole/test_labels_10/dampieri_male_16-corneas.csv,./output/dampieri_male_16-image.logs_fiddlercrab_corneas_lightning_logs_version_26_checkpoints_last_x_1_y_1_z_2_average_threshold_None_prediction_peak_min_val_0_5_method_max_filter.resampled_space_peaks.csv,4844,993,412,0.8298783621723488,0.921613394216134,0.873343549986478
9,./dataset/fiddlercrab_corneas/whole/test_images_10/dampieri_male_16-image.nii,./dataset/fiddlercrab_corneas/whole/test_labels_10/dampieri_male_16-corneas.csv,./output/dampieri_male_16-image.logs_fiddlercrab_corneas_lightning_logs_version_26_checkpoints_last_x_1_y_1_z_2_average_threshold_0.3_prediction_peak_min_val_0_5_method_center_of_mass.resampled_space_peaks.csv,5215,1213,41,0.8112943372744243,0.992199391171994,0.8926737418692229
10,./dataset/fiddlercrab_corneas/whole/test_images_10/dampieri_male_16-image.nii,./dataset/fiddlercrab_corneas/whole/test_labels_10/dampieri_male_16-corneas.csv,./output/dampieri_male_16-image.logs_fiddlercrab_corneas_lightning_logs_version_26_checkpoints_last_x_1_y_1_z_2_average_threshold_0.5_prediction_peak_min_val_0_25_method_max_filter.resampled_space_peaks.csv,5213,1424,43,0.7854452312791924,0.9918188736681888,0.8766501303287648
11,./dataset/fiddlercrab_corneas/whole/test_images_10/dampieri_male_16-image.nii,./dataset/fiddlercrab_corneas/whole/test_labels_10/dampieri_male_16-corneas.csv,./output/dampieri_male_16-image.logs_fiddlercrab_corneas_lightning_logs_version_26_checkpoints_last_x_1_y_1_z_1_average_threshold_0.5_prediction_peak_min_val_0_5_method_center_of_mass.resampled_space_peaks.csv,4914,1012,342,0.8292271346608168,0.934931506849315,0.878912538007512
12,./dataset/fiddlercrab_corneas/whole/test_images_10/flammula_20190925_male_left-image.nii,./dataset/fiddlercrab_corneas/whole/test_labels_10/flammula_20190925_male_left-corneas.csv,./output/flammula_20190925_male_left-image.logs_fiddlercrab_corneas_lightning_logs_version_26_checkpoints_last_x_1_y_1_z_1_average_threshold_0.2_prediction_peak_min_val_0_4_method_center_of_mass.resampled_space_peaks.csv,3574,717,4557,0.8329060824982522,0.4395523305866437,0.5754306874899372
13,./dataset/fiddlercrab_corneas/whole/test_images_10/flammula_20190925_male_left-image.nii,./dataset/fiddlercrab_corneas/whole/test_labels_10/flammula_20190925_male_left-corneas.csv,./output/flammula_20190925_male_left-image.logs_fiddlercrab_corneas_lightning_logs_version_26_checkpoints_last_x_1_y_1_z_2_average_threshold_0.5_prediction_peak_min_val_0_3_method_max_filter.resampled_space_peaks.csv,4452,1247,3679,0.7811896824004211,0.5475341286434633,0.6438177874186551
14,./dataset/fiddlercrab_corneas/whole/test_images_10/dampieri_male_16-image.nii,./dataset/fiddlercrab_corneas/whole/test_labels_10/dampieri_male_16-corneas.csv,./output/dampieri_male_16-image.logs_fiddlercrab_corneas_lightning_logs_version_26_checkpoints_last_x_1_y_1_z_2_average_threshold_0.5_prediction_peak_min_val_0_5_method_center_of_mass.resampled_space_peaks.csv,5209,1195,47,0.8133978763272954,0.9910578386605784,0.8934819897084049
15,./dataset/fiddlercrab_corneas/whole/test_images_10/dampieri_male_16-image.nii,./dataset/fiddlercrab_corneas/whole/test_labels_10/dampieri_male_16-corneas.csv,./output/dampieri_male_16-image.logs_fiddlercrab_corneas_lightning_logs_version_26_checkpoints_last_x_1_y_1_z_2_average_threshold_0.3_prediction_peak_min_val_0_4_method_max_filter.resampled_space_peaks.csv,5234,1690,22,0.7559214326978625,0.995814307458143,0.8594417077175699
16,./dataset/fiddlercrab_corneas/whole/test_images_10/flammula_20190925_male_left-image.nii,./dataset/fiddlercrab_corneas/whole/test_labels_10/flammula_20190925_male_left-corneas.csv,./output/flammula_20190925_male_left-image.logs_fiddlercrab_corneas_lightning_logs_version_26_checkpoints_last_x_1_y_1_z_2_average_threshold_0.2_prediction_peak_min_val_0_4_method_center_of_mass.resampled_space_peaks.csv,5180,1339,2951,0.794600398834177,0.6370680113147215,0.7071672354948805
17,./dataset/fiddlercrab_corneas/whole/test_images_10/flammula_20190925_male_left-image.nii,./dataset/fiddlercrab_corneas/whole/test_labels_10/flammula_20190925_male_left-corneas.csv,./output/flammula_20190925_male_left-image.logs_fiddlercrab_corneas_lightning_logs_version_26_checkpoints_last_x_1_y_1_z_2_average_threshold_None_prediction_peak_min_val_0_3_method_center_of_mass.resampled_space_peaks.csv,4736,1209,3395,0.7966358284272498,0.5824621817734597,0.6729184427394146
18,./dataset/fiddlercrab_corneas/whole/test_images_10/flammula_20190925_male_left-image.nii,./dataset/fiddlercrab_corneas/whole/test_labels_10/flammula_20190925_male_left-corneas.csv,./output/flammula_20190925_male_left-image.logs_fiddlercrab_corneas_lightning_logs_version_26_checkpoints_last_x_1_y_1_z_1_average_threshold_0.5_prediction_peak_min_val_0_4_method_center_of_mass.resampled_space_peaks.csv,2662,491,5469,0.8442752933713923,0.3273890050424302,0.4718185040765686
19,./dataset/fiddlercrab_corneas/whole/test_images_10/dampieri_male_16-image.nii,./dataset/fiddlercrab_corneas/whole/test_labels_10/dampieri_male_16-corneas.csv,./output/dampieri_male_16-image.logs_fiddlercrab_corneas_lightning_logs_version_26_checkpoints_last_x_1_y_1_z_2_average_threshold_0.3_prediction_peak_min_val_0_25_method_center_of_mass.resampled_space_peaks.csv,3774,799,1482,0.8252788104089219,0.7180365296803652,0.767931630888188
20,./dataset/fiddlercrab_corneas/whole/test_images_10/dampieri_male_16-image.nii,./dataset/fiddlercrab_corneas/whole/test_labels_10/dampieri_male_16-corneas.csv,./output/dampieri_male_16-image.logs_fiddlercrab_corneas_lightning_logs_version_26_checkpoints_last_x_1_y_1_z_1_average_threshold_0.2_prediction_peak_min_val_0_3_method_max_filter.resampled_space_peaks.csv,5141,1258,115,0.803406782309736,0.9781202435312024,0.8821964821964822
21,./dataset/fiddlercrab_corneas/whole/test_images_10/flammula_20190925_male_left-image.nii,./dataset/fiddlercrab_corneas/whole/test_labels_10/flammula_20190925_male_left-corneas.csv,./output/flammula_20190925_male_left-image.logs_fiddlercrab_corneas_lightning_logs_version_26_checkpoints_last_x_1_y_1_z_1_average_threshold_0.5_prediction_peak_min_val_0_25_method_max_filter.resampled_space_peaks.csv,2662,504,5469,0.8408085912823753,0.3273890050424302,0.4712755598831548
22,./dataset/fiddlercrab_corneas/whole/test_images_10/dampieri_male_16-image.nii,./dataset/fiddlercrab_corneas/whole/test_labels_10/dampieri_male_16-corneas.csv,./output/dampieri_male_16-image.logs_fiddlercrab_corneas_lightning_logs_version_26_checkpoints_last_x_1_y_1_z_2_average_threshold_0.5_prediction_peak_min_val_0_4_method_center_of_mass.resampled_space_peaks.csv,5209,1195,47,0.8133978763272954,0.9910578386605784,0.8934819897084049
23,./dataset/fiddlercrab_corneas/whole/test_images_10/dampieri_male_16-image.nii,./dataset/fiddlercrab_corneas/whole/test_labels_10/dampieri_male_16-corneas.csv,./output/dampieri_male_16-image.logs_fiddlercrab_corneas_lightning_logs_version_26_checkpoints_last_x_1_y_1_z_1_average_threshold_0.3_prediction_peak_min_val_0_4_method_center_of_mass.resampled_space_peaks.csv,4951,1029,305,0.8279264214046823,0.9419710806697108,0.8812744749021004
24,./dataset/fiddlercrab_corneas/whole/test_images_10/flammula_20190925_male_left-image.nii,./dataset/fiddlercrab_corneas/whole/test_labels_10/flammula_20190925_male_left-corneas.csv,./output/flammula_20190925_male_left-image.logs_fiddlercrab_corneas_lightning_logs_version_26_checkpoints_last_x_1_y_1_z_1_average_threshold_0.2_prediction_peak_min_val_0_3_method_max_filter.resampled_space_peaks.csv,4234,971,3897,0.8134486071085495,0.520723158283114,0.6349730053989202
25,./dataset/fiddlercrab_corneas/whole/test_images_10/dampieri_male_16-image.nii,./dataset/fiddlercrab_corneas/whole/test_labels_10/dampieri_male_16-corneas.csv,./output/dampieri_male_16-image.logs_fiddlercrab_corneas_lightning_logs_version_26_checkpoints_last_x_1_y_1_z_2_average_threshold_0.2_prediction_peak_min_val_0_25_method_max_filter.resampled_space_peaks.csv,5247,1901,9,0.7340514829322887,0.9982876712328768,0.846017413737504
26,./dataset/fiddlercrab_corneas/whole/test_images_10/flammula_20190925_male_left-image.nii,./dataset/fiddlercrab_corneas/whole/test_labels_10/flammula_20190925_male_left-corneas.csv,./output/flammula_20190925_male_left-image.logs_fiddlercrab_corneas_lightning_logs_version_26_checkpoints_last_x_1_y_1_z_2_average_threshold_None_prediction_peak_min_val_0_4_method_center_of_mass.resampled_space_peaks.csv,3789,997,4342,0.7916840785624739,0.46599434263928174,0.5866687311295193
27,./dataset/fiddlercrab_corneas/whole/test_images_10/flammula_20190925_male_left-image.nii,./dataset/fiddlercrab_corneas/whole/test_labels_10/flammula_20190925_male_left-corneas.csv,./output/flammula_20190925_male_left-image.logs_fiddlercrab_corneas_lightning_logs_version_26_checkpoints_last_x_1_y_1_z_2_average_threshold_0.4_prediction_peak_min_val_0_3_method_max_filter.resampled_space_peaks.csv,5021,1585,3110,0.7600666061156525,0.6175132210060263,0.6814141277057746
28,./dataset/fiddlercrab_corneas/whole/test_images_10/dampieri_male_16-image.nii,./dataset/fiddlercrab_corneas/whole/test_labels_10/dampieri_male_16-corneas.csv,./output/dampieri_male_16-image.logs_fiddlercrab_corneas_lightning_logs_version_26_checkpoints_last_x_1_y_1_z_2_average_threshold_0.2_prediction_peak_min_val_0_4_method_max_filter.resampled_space_peaks.csv,5233,1774,23,0.7468246039674611,0.9956240487062404,0.8534616325532087
29,./dataset/fiddlercrab_corneas/whole/test_images_10/flammula_20190925_male_left-image.nii,./dataset/fiddlercrab_corneas/whole/test_labels_10/flammula_20190925_male_left-corneas.csv,./output/flammula_20190925_male_left-image.logs_fiddlercrab_corneas_lightning_logs_version_26_checkpoints_last_x_1_y_1_z_2_average_threshold_0.5_prediction_peak_min_val_0_5_method_center_of_mass.resampled_space_peaks.csv,4452,1123,3679,0.7985650224215247,0.5475341286434633,0.6496424923391216
30,./dataset/fiddlercrab_corneas/whole/test_images_10/flammula_20190925_male_left-image.nii,./dataset/fiddlercrab_corneas/whole/test_labels_10/flammula_20190925_male_left-corneas.csv,./output/flammula_20190925_male_left-image.logs_fiddlercrab_corneas_lightning_logs_version_26_checkpoints_last_x_1_y_1_z_2_average_threshold_0.5_prediction_peak_min_val_0_25_method_max_filter.resampled_space_peaks.csv,4452,1247,3679,0.7811896824004211,0.5475341286434633,0.6438177874186551
31,./dataset/fiddlercrab_corneas/whole/test_images_10/flammula_20190925_male_left-image.nii,./dataset/fiddlercrab_corneas/whole/test_labels_10/flammula_20190925_male_left-corneas.csv,./output/flammula_20190925_male_left-image.logs_fiddlercrab_corneas_lightning_logs_version_26_checkpoints_last_x_1_y_1_z_1_average_threshold_0.5_prediction_peak_min_val_0_3_method_max_filter.resampled_space_peaks.csv,2662,504,5469,0.8408085912823753,0.3273890050424302,0.4712755598831548
32,./dataset/fiddlercrab_corneas/whole/test_images_10/dampieri_male_16-image.nii,./dataset/fiddlercrab_corneas/whole/test_labels_10/dampieri_male_16-corneas.csv,./output/dampieri_male_16-image.logs_fiddlercrab_corneas_lightning_logs_version_26_checkpoints_last_x_1_y_1_z_1_average_threshold_0.5_prediction_peak_min_val_0_3_method_center_of_mass.resampled_space_peaks.csv,4914,1012,342,0.8292271346608168,0.934931506849315,0.878912538007512
33,./dataset/fiddlercrab_corneas/whole/test_images_10/dampieri_male_16-image.nii,./dataset/fiddlercrab_corneas/whole/test_labels_10/dampieri_male_16-corneas.csv,./output/dampieri_male_16-image.logs_fiddlercrab_corneas_lightning_logs_version_26_checkpoints_last_x_1_y_1_z_2_average_threshold_0.5_prediction_peak_min_val_0_2_method_max_filter.resampled_space_peaks.csv,5213,1424,43,0.7854452312791924,0.9918188736681888,0.8766501303287648
34,./dataset/fiddlercrab_corneas/whole/test_images_10/dampieri_male_16-image.nii,./dataset/fiddlercrab_corneas/whole/test_labels_10/dampieri_male_16-corneas.csv,./output/dampieri_male_16-image.logs_fiddlercrab_corneas_lightning_logs_version_26_checkpoints_last_x_1_y_1_z_1_average_threshold_0.5_prediction_peak_min_val_0_4_method_center_of_mass.resampled_space_peaks.csv,4914,1012,342,0.8292271346608168,0.934931506849315,0.878912538007512
35,./dataset/fiddlercrab_corneas/whole/test_images_10/dampieri_male_16-image.nii,./dataset/fiddlercrab_corneas/whole/test_labels_10/dampieri_male_16-corneas.csv,./output/dampieri_male_16-image.logs_fiddlercrab_corneas_lightning_logs_version_26_checkpoints_last_x_1_y_1_z_1_average_threshold_0.5_prediction_peak_min_val_0_4_method_max_filter.resampled_space_peaks.csv,4916,1019,340,0.828306655433867,0.9353120243531202,0.878563131087481
36,./dataset/fiddlercrab_corneas/whole/test_images_10/flammula_20190925_male_left-image.nii,./dataset/fiddlercrab_corneas/whole/test_labels_10/flammula_20190925_male_left-corneas.csv,./output/flammula_20190925_male_left-image.logs_fiddlercrab_corneas_lightning_logs_version_26_checkpoints_last_x_1_y_1_z_1_average_threshold_0.3_prediction_peak_min_val_0_25_method_center_of_mass.resampled_space_peaks.csv,4040,826,4091,0.8302507192766132,0.4968638543844546,0.6216819265984457
37,./dataset/fiddlercrab_corneas/whole/test_images_10/dampieri_male_16-image.nii,./dataset/fiddlercrab_corneas/whole/test_labels_10/dampieri_male_16-corneas.csv,./output/dampieri_male_16-image.logs_fiddlercrab_corneas_lightning_logs_version_26_checkpoints_last_x_1_y_1_z_1_average_threshold_0.5_prediction_peak_min_val_0_2_method_center_of_mass.resampled_space_peaks.csv,4914,1012,342,0.8292271346608168,0.934931506849315,0.878912538007512
38,./dataset/fiddlercrab_corneas/whole/test_images_10/dampieri_male_16-image.nii,./dataset/fiddlercrab_corneas/whole/test_labels_10/dampieri_male_16-corneas.csv,./output/dampieri_male_16-image.logs_fiddlercrab_corneas_lightning_logs_version_26_checkpoints_last_x_1_y_1_z_2_average_threshold_0.4_prediction_peak_min_val_0_25_method_max_filter.resampled_space_peaks.csv,5231,1624,25,0.7630926331145149,0.9952435312024354,0.8638427875485097
39,./dataset/fiddlercrab_corneas/whole/test_images_10/dampieri_male_16-image.nii,./dataset/fiddlercrab_corneas/whole/test_labels_10/dampieri_male_16-corneas.csv,./output/dampieri_male_16-image.logs_fiddlercrab_corneas_lightning_logs_version_26_checkpoints_last_x_1_y_1_z_1_average_threshold_None_prediction_peak_min_val_0_2_method_max_filter.resampled_space_peaks.csv,5199,1380,57,0.7902416780665754,0.9891552511415526,0.8785804816223066
40,./dataset/fiddlercrab_corneas/whole/test_images_10/flammula_20190925_male_left-image.nii,./dataset/fiddlercrab_corneas/whole/test_labels_10/flammula_20190925_male_left-corneas.csv,./output/flammula_20190925_male_left-image.logs_fiddlercrab_corneas_lightning_logs_version_26_checkpoints_last_x_1_y_1_z_2_average_threshold_None_prediction_peak_min_val_0_5_method_max_filter.resampled_space_peaks.csv,2286,641,5845,0.7810044414075845,0.2811462304759562,0.41345632121540965
41,./dataset/fiddlercrab_corneas/whole/test_images_10/flammula_20190925_male_left-image.nii,./dataset/fiddlercrab_corneas/whole/test_labels_10/flammula_20190925_male_left-corneas.csv,./output/flammula_20190925_male_left-image.logs_fiddlercrab_corneas_lightning_logs_version_26_checkpoints_last_x_1_y_1_z_1_average_threshold_None_prediction_peak_min_val_0_3_method_center_of_mass.resampled_space_peaks.csv,4171,803,3960,0.8385605146763169,0.5129750338211783,0.6365509347577261
42,./dataset/fiddlercrab_corneas/whole/test_images_10/flammula_20190925_male_left-image.nii,./dataset/fiddlercrab_corneas/whole/test_labels_10/flammula_20190925_male_left-corneas.csv,./output/flammula_20190925_male_left-image.logs_fiddlercrab_corneas_lightning_logs_version_26_checkpoints_last_x_1_y_1_z_2_average_threshold_0.2_prediction_peak_min_val_0_3_method_center_of_mass.resampled_space_peaks.csv,5505,1223,2626,0.8182223543400713,0.6770384946501046,0.740965071673733
43,./dataset/fiddlercrab_corneas/whole/test_images_10/flammula_20190925_male_left-image.nii,./dataset/fiddlercrab_corneas/whole/test_labels_10/flammula_20190925_male_left-corneas.csv,./output/flammula_20190925_male_left-image.logs_fiddlercrab_corneas_lightning_logs_version_26_checkpoints_last_x_1_y_1_z_2_average_threshold_0.2_prediction_peak_min_val_0_5_method_center_of_mass.resampled_space_peaks.csv,4609,1255,3522,0.7859822646657572,0.5668429467470176,0.6586638085030369
44,./dataset/fiddlercrab_corneas/whole/test_images_10/flammula_20190925_male_left-image.nii,./dataset/fiddlercrab_corneas/whole/test_labels_10/flammula_20190925_male_left-corneas.csv,./output/flammula_20190925_male_left-image.logs_fiddlercrab_corneas_lightning_logs_version_26_checkpoints_last_x_1_y_1_z_1_average_threshold_0.5_prediction_peak_min_val_0_25_method_center_of_mass.resampled_space_peaks.csv,2662,491,5469,0.8442752933713923,0.3273890050424302,0.4718185040765686
45,./dataset/fiddlercrab_corneas/whole/test_images_10/flammula_20190925_male_left-image.nii,./dataset/fiddlercrab_corneas/whole/test_labels_10/flammula_20190925_male_left-corneas.csv,./output/flammula_20190925_male_left-image.logs_fiddlercrab_corneas_lightning_logs_version_26_checkpoints_last_x_1_y_1_z_1_average_threshold_0.3_prediction_peak_min_val_0_2_method_max_filter.resampled_space_peaks.csv,4057,897,4074,0.8189341945902301,0.4989546181281515,0.6200993504012227
46,./dataset/fiddlercrab_corneas/whole/test_images_10/dampieri_male_16-image.nii,./dataset/fiddlercrab_corneas/whole/test_labels_10/dampieri_male_16-corneas.csv,./output/dampieri_male_16-image.logs_fiddlercrab_corneas_lightning_logs_version_26_checkpoints_last_x_1_y_1_z_1_average_threshold_0.4_prediction_peak_min_val_0_3_method_center_of_mass.resampled_space_peaks.csv,4990,1048,266,0.8264325935740311,0.9493911719939118,0.8836550380733134
47,./dataset/fiddlercrab_corneas/whole/test_images_10/flammula_20190925_male_left-image.nii,./dataset/fiddlercrab_corneas/whole/test_labels_10/flammula_20190925_male_left-corneas.csv,./output/flammula_20190925_male_left-image.logs_fiddlercrab_corneas_lightning_logs_version_26_checkpoints_last_x_1_y_1_z_1_average_threshold_0.2_prediction_peak_min_val_0_2_method_center_of_mass.resampled_space_peaks.csv,4099,744,4032,0.8463762130910593,0.5041200344361088,0.6318791429011871
48,./dataset/fiddlercrab_corneas/whole/test_images_10/flammula_20190925_male_left-image.nii,./dataset/fiddlercrab_corneas/whole/test_labels_10/flammula_20190925_male_left-corneas.csv,./output/flammula_20190925_male_left-image.logs_fiddlercrab_corneas_lightning_logs_version_26_checkpoints_last_x_1_y_1_z_1_average_threshold_0.4_prediction_peak_min_val_0_4_method_max_filter.resampled_space_peaks.csv,3304,669,4827,0.8316133903850994,0.40634608289263313,0.5459352280237938
49,./dataset/fiddlercrab_corneas/whole/test_images_10/dampieri_male_16-image.nii,./dataset/fiddlercrab_corneas/whole/test_labels_10/dampieri_male_16-corneas.csv,./output/dampieri_male_16-image.logs_fiddlercrab_corneas_lightning_logs_version_26_checkpoints_last_x_1_y_1_z_1_average_threshold_0.3_prediction_peak_min_val_0_5_method_max_filter.resampled_space_peaks.csv,4955,1048,301,0.8254206230218224,0.9427321156773212,0.8801847410960121
50,./dataset/fiddlercrab_corneas/whole/test_images_10/flammula_20190925_male_left-image.nii,./dataset/fiddlercrab_corneas/whole/test_labels_10/flammula_20190925_male_left-corneas.csv,./output/flammula_20190925_male_left-image.logs_fiddlercrab_corneas_lightning_logs_version_26_checkpoints_last_x_1_y_1_z_2_average_threshold_0.4_prediction_peak_min_val_0_5_method_center_of_mass.resampled_space_peaks.csv,4710,1194,3421,0.7977642276422764,0.579264543106629,0.671179194869968
51,./dataset/fiddlercrab_corneas/whole/test_images_10/dampieri_male_16-image.nii,./dataset/fiddlercrab_corneas/whole/test_labels_10/dampieri_male_16-corneas.csv,./output/dampieri_male_16-image.logs_fiddlercrab_corneas_lightning_logs_version_26_checkpoints_last_x_1_y_1_z_1_average_threshold_None_prediction_peak_min_val_0_25_method_max_filter.resampled_space_peaks.csv,5173,1324,83,0.79621363706326,0.9842085235920852,0.8802858844550328
52,./dataset/fiddlercrab_corneas/whole/test_images_10/dampieri_male_16-image.nii,./dataset/fiddlercrab_corneas/whole/test_labels_10/dampieri_male_16-corneas.csv,./output/dampieri_male_16-image.logs_fiddlercrab_corneas_lightning_logs_version_26_checkpoints_last_x_1_y_1_z_2_average_threshold_0.4_prediction_peak_min_val_0_25_method_center_of_mass.resampled_space_peaks.csv,5065,1181,191,0.8109189881524176,0.9636605783866058,0.8807163971483221
53,./dataset/fiddlercrab_corneas/whole/test_images_10/dampieri_male_16-image.nii,./dataset/fiddlercrab_corneas/whole/test_labels_10/dampieri_male_16-corneas.csv,./output/dampieri_male_16-image.logs_fiddlercrab_corneas_lightning_logs_version_26_checkpoints_last_x_1_y_1_z_2_average_threshold_None_prediction_peak_min_val_0_3_method_center_of_mass.resampled_space_peaks.csv,3914,835,1342,0.8241735102126764,0.7446727549467276,0.7824087956021989
54,./dataset/fiddlercrab_corneas/whole/test_images_10/flammula_20190925_male_left-image.nii,./dataset/fiddlercrab_corneas/whole/test_labels_10/flammula_20190925_male_left-corneas.csv,./output/flammula_20190925_male_left-image.logs_fiddlercrab_corneas_lightning_logs_version_26_checkpoints_last_x_1_y_1_z_1_average_threshold_None_prediction_peak_min_val_0_4_method_max_filter.resampled_space_peaks.csv,3619,763,4512,0.8258785942492013,0.44508670520231214,0.5784384240389994
55,./dataset/fiddlercrab_corneas/whole/test_images_10/dampieri_male_16-image.nii,./dataset/fiddlercrab_corneas/whole/test_labels_10/dampieri_male_16-corneas.csv,./output/dampieri_male_16-image.logs_fiddlercrab_corneas_lightning_logs_version_26_checkpoints_last_x_1_y_1_z_1_prediction.resampled_space_peaks.csv,5199,1380,57,0.7902416780665754,0.9891552511415526,0.8785804816223066
56,./dataset/fiddlercrab_corneas/whole/test_images_10/dampieri_male_16-image.nii,./dataset/fiddlercrab_corneas/whole/test_labels_10/dampieri_male_16-corneas.csv,./output/dampieri_male_16-image.logs_fiddlercrab_corneas_lightning_logs_version_26_checkpoints_last_x_1_y_1_z_1_average_threshold_0.3_prediction_peak_min_val_0_25_method_center_of_mass.resampled_space_peaks.csv,4319,765,937,0.8495279307631786,0.8217275494672754,0.8353965183752416
57,./dataset/fiddlercrab_corneas/whole/test_images_10/dampieri_male_16-image.nii,./dataset/fiddlercrab_corneas/whole/test_labels_10/dampieri_male_16-corneas.csv,./output/dampieri_male_16-image.logs_fiddlercrab_corneas_lightning_logs_version_26_checkpoints_last_x_1_y_1_z_1_average_threshold_0.4_prediction_peak_min_val_0_5_method_center_of_mass.resampled_space_peaks.csv,4952,1039,304,0.8265731931230179,0.9421613394216134,0.8805903796567973
58,./dataset/fiddlercrab_corneas/whole/test_images_10/flammula_20190925_male_left-image.nii,./dataset/fiddlercrab_corneas/whole/test_labels_10/flammula_20190925_male_left-corneas.csv,./output/flammula_20190925_male_left-image.logs_fiddlercrab_corneas_lightning_logs_version_26_checkpoints_last_x_1_y_1_z_1_prediction_peak_min_val_0_5_method_center_of_mass.resampled_space_peaks.csv,2978,553,5153,0.843387142452563,0.36625261345467963,0.5107185731435431
59,./dataset/fiddlercrab_corneas/whole/test_images_10/dampieri_male_16-image.nii,./dataset/fiddlercrab_corneas/whole/test_labels_10/dampieri_male_16-corneas.csv,./output/dampieri_male_16-image.logs_fiddlercrab_corneas_lightning_logs_version_26_checkpoints_last_x_1_y_1_z_1_average_threshold_0.5_prediction_peak_min_val_0_25_method_center_of_mass.resampled_space_peaks.csv,4914,1012,342,0.8292271346608168,0.934931506849315,0.878912538007512
60,./dataset/fiddlercrab_corneas/whole/test_images_10/flammula_20190925_male_left-image.nii,./dataset/fiddlercrab_corneas/whole/test_labels_10/flammula_20190925_male_left-corneas.csv,./output/flammula_20190925_male_left-image.logs_fiddlercrab_corneas_lightning_logs_version_26_checkpoints_last_x_1_y_1_z_1_average_threshold_0.3_prediction_peak_min_val_0_4_method_max_filter.resampled_space_peaks.csv,3574,747,4557,0.8271233510761398,0.4395523305866437,0.5740443302280758
61,./dataset/fiddlercrab_corneas/whole/test_images_10/dampieri_male_16-image.nii,./dataset/fiddlercrab_corneas/whole/test_labels_10/dampieri_male_16-corneas.csv,./output/dampieri_male_16-image.logs_fiddlercrab_corneas_lightning_logs_version_26_checkpoints_last_x_1_y_1_z_1_average_threshold_0.4_prediction_peak_min_val_0_5_method_max_filter.resampled_space_peaks.csv,4955,1048,301,0.8254206230218224,0.9427321156773212,0.8801847410960121
62,./dataset/fiddlercrab_corneas/whole/test_images_10/flammula_20190925_male_left-image.nii,./dataset/fiddlercrab_corneas/whole/test_labels_10/flammula_20190925_male_left-corneas.csv,./output/flammula_20190925_male_left-image.logs_fiddlercrab_corneas_lightning_logs_version_26_checkpoints_last_x_1_y_1_z_1_average_threshold_0.2_prediction_peak_min_val_0_5_method_max_filter.resampled_space_peaks.csv,2946,565,5185,0.8390771859868983,0.36231705817242654,0.5060986084865143
63,./dataset/fiddlercrab_corneas/whole/test_images_10/flammula_20190925_male_left-image.nii,./dataset/fiddlercrab_corneas/whole/test_labels_10/flammula_20190925_male_left-corneas.csv,./output/flammula_20190925_male_left-image.logs_fiddlercrab_corneas_lightning_logs_version_26_checkpoints_last_x_1_y_1_z_2_average_threshold_0.5_prediction_peak_min_val_0_4_method_max_filter.resampled_space_peaks.csv,4452,1247,3679,0.7811896824004211,0.5475341286434633,0.6438177874186551
64,./dataset/fiddlercrab_corneas/whole/test_images_10/dampieri_male_16-image.nii,./dataset/fiddlercrab_corneas/whole/test_labels_10/dampieri_male_16-corneas.csv,./output/dampieri_male_16-image.logs_fiddlercrab_corneas_lightning_logs_version_26_checkpoints_last_x_1_y_1_z_2_average_threshold_0.2_prediction_peak_min_val_0_2_method_max_filter.resampled_space_peaks.csv,5251,1933,5,0.7309298440979956,0.999048706240487,0.8442122186495177
65,./dataset/fiddlercrab_corneas/whole/test_images_10/dampieri_male_16-image.nii,./dataset/fiddlercrab_corneas/whole/test_labels_10/dampieri_male_16-corneas.csv,./output/dampieri_male_16-image.logs_fiddlercrab_corneas_lightning_logs_version_26_checkpoints_last_x_1_y_1_z_1_average_threshold_0.2_prediction_peak_min_val_0_4_method_center_of_mass.resampled_space_peaks.csv,4951,1029,305,0.8279264214046823,0.9419710806697108,0.8812744749021004
66,./dataset/fiddlercrab_corneas/whole/test_images_10/flammula_20190925_male_left-image.nii,./dataset/fiddlercrab_corneas/whole/test_labels_10/flammula_20190925_male_left-corneas.csv,./output/flammula_20190925_male_left-image.logs_fiddlercrab_corneas_lightning_logs_version_26_checkpoints_last_x_1_y_1_z_1_average_threshold_0.5_prediction_peak_min_val_0_4_method_max_filter.resampled_space_peaks.csv,2662,504,5469,0.8408085912823753,0.3273890050424302,0.4712755598831548
67,./dataset/fiddlercrab_corneas/whole/test_images_10/dampieri_male_16-image.nii,./dataset/fiddlercrab_corneas/whole/test_labels_10/dampieri_male_16-corneas.csv,./output/dampieri_male_16-image.logs_fiddlercrab_corneas_lightning_logs_version_26_checkpoints_last_x_1_y_1_z_1_average_threshold_0.3_prediction_peak_min_val_0_2_method_center_of_mass.resampled_space_peaks.csv,4319,765,937,0.8495279307631786,0.8217275494672754,0.8353965183752416
68,./dataset/fiddlercrab_corneas/whole/test_images_10/dampieri_male_16-image.nii,./dataset/fiddlercrab_corneas/whole/test_labels_10/dampieri_male_16-corneas.csv,./output/dampieri_male_16-image.logs_fiddlercrab_corneas_lightning_logs_version_26_checkpoints_last_x_1_y_1_z_1_average_threshold_0.5_prediction_peak_min_val_0_5_method_max_filter.resampled_space_peaks.csv,4916,1019,340,0.828306655433867,0.9353120243531202,0.878563131087481
69,./dataset/fiddlercrab_corneas/whole/test_images_10/dampieri_male_16-image.nii,./dataset/fiddlercrab_corneas/whole/test_labels_10/dampieri_male_16-corneas.csv,./output/dampieri_male_16-image.logs_fiddlercrab_corneas_lightning_logs_version_26_checkpoints_last_x_1_y_1_z_2_average_threshold_0.4_prediction_peak_min_val_0_2_method_max_filter.resampled_space_peaks.csv,5231,1624,25,0.7630926331145149,0.9952435312024354,0.8638427875485097
70,./dataset/fiddlercrab_corneas/whole/test_images_10/dampieri_male_16-image.nii,./dataset/fiddlercrab_corneas/whole/test_labels_10/dampieri_male_16-corneas.csv,./output/dampieri_male_16-image.logs_fiddlercrab_corneas_lightning_logs_version_26_checkpoints_last_x_1_y_1_z_2_average_threshold_0.4_prediction_peak_min_val_0_5_method_max_filter.resampled_space_peaks.csv,5221,1545,35,0.7716523795447827,0.9933409436834094,0.8685742804857759
71,./dataset/fiddlercrab_corneas/whole/test_images_10/flammula_20190925_male_left-image.nii,./dataset/fiddlercrab_corneas/whole/test_labels_10/flammula_20190925_male_left-corneas.csv,./output/flammula_20190925_male_left-image.logs_fiddlercrab_corneas_lightning_logs_version_26_checkpoints_last_x_1_y_1_z_1_average_threshold_None_prediction_peak_min_val_0_2_method_center_of_mass.resampled_space_peaks.csv,3798,727,4333,0.8393370165745856,0.46710121756241546,0.600189633375474
72,./dataset/fiddlercrab_corneas/whole/test_images_10/flammula_20190925_male_left-image.nii,./dataset/fiddlercrab_corneas/whole/test_labels_10/flammula_20190925_male_left-corneas.csv,./output/flammula_20190925_male_left-image.logs_fiddlercrab_corneas_lightning_logs_version_26_checkpoints_last_x_1_y_1_z_1_average_threshold_0.4_prediction_peak_min_val_0_5_method_center_of_mass.resampled_space_peaks.csv,2946,548,5185,0.8431597023468803,0.36231705817242654,0.5068387096774194
73,./dataset/fiddlercrab_corneas/whole/test_images_10/flammula_20190925_male_left-image.nii,./dataset/fiddlercrab_corneas/whole/test_labels_10/flammula_20190925_male_left-corneas.csv,./output/flammula_20190925_male_left-image.logs_fiddlercrab_corneas_lightning_logs_version_26_checkpoints_last_x_1_y_1_z_2_average_threshold_0.3_prediction_peak_min_val_0_25_method_max_filter.resampled_space_peaks.csv,5585,2169,2546,0.7202734072736652,0.6868773828557373,0.7031790997796663
74,./dataset/fiddlercrab_corneas/whole/test_images_10/flammula_20190925_male_left-image.nii,./dataset/fiddlercrab_corneas/whole/test_labels_10/flammula_20190925_male_left-corneas.csv,./output/flammula_20190925_male_left-image.logs_fiddlercrab_corneas_lightning_logs_version_26_checkpoints_last_x_1_y_1_z_1_average_threshold_0.5_prediction_peak_min_val_0_5_method_center_of_mass.resampled_space_peaks.csv,2662,491,5469,0.8442752933713923,0.3273890050424302,0.4718185040765686
75,./dataset/fiddlercrab_corneas/whole/test_images_10/dampieri_male_16-image.nii,./dataset/fiddlercrab_corneas/whole/test_labels_10/dampieri_male_16-corneas.csv,./output/dampieri_male_16-image.logs_fiddlercrab_corneas_lightning_logs_version_26_checkpoints_last_x_1_y_1_z_1_average_threshold_0.4_prediction_peak_min_val_0_25_method_max_filter.resampled_space_peaks.csv,5057,1149,199,0.8148565903963906,0.962138508371385,0.8823939975571453
76,./dataset/fiddlercrab_corneas/whole/test_images_10/dampieri_male_16-image.nii,./dataset/fiddlercrab_corneas/whole/test_labels_10/dampieri_male_16-corneas.csv,./output/dampieri_male_16-image.logs_fiddlercrab_corneas_lightning_logs_version_26_checkpoints_last_x_1_y_1_z_2_average_threshold_None_prediction_peak_min_val_0_3_method_max_filter.resampled_space_peaks.csv,5206,1291,50,0.8012929044174234,0.9904870624048706,0.8859014719646048
77,./dataset/fiddlercrab_corneas/whole/test_images_10/flammula_20190925_male_left-image.nii,./dataset/fiddlercrab_corneas/whole/test_labels_10/flammula_20190925_male_left-corneas.csv,./output/flammula_20190925_male_left-image.logs_fiddlercrab_corneas_lightning_logs_version_26_checkpoints_last_x_1_y_1_z_1_average_threshold_0.3_prediction_peak_min_val_0_25_method_max_filter.resampled_space_peaks.csv,4057,897,4074,0.8189341945902301,0.4989546181281515,0.6200993504012227
78,./dataset/fiddlercrab_corneas/whole/test_images_10/flammula_20190925_male_left-image.nii,./dataset/fiddlercrab_corneas/whole/test_labels_10/flammula_20190925_male_left-corneas.csv,./output/flammula_20190925_male_left-image.logs_fiddlercrab_corneas_lightning_logs_version_26_checkpoints_last_x_1_y_1_z_1_average_threshold_None_prediction_peak_min_val_0_25_method_max_filter.resampled_space_peaks.csv,4670,1130,3461,0.8051724137931034,0.5743450990038126,0.6704472040772378
79,./dataset/fiddlercrab_corneas/whole/test_images_10/dampieri_male_16-image.nii,./dataset/fiddlercrab_corneas/whole/test_labels_10/dampieri_male_16-corneas.csv,./output/dampieri_male_16-image.logs_fiddlercrab_corneas_lightning_logs_version_26_checkpoints_last_x_1_y_1_z_2_average_threshold_0.2_prediction_peak_min_val_0_5_method_max_filter.resampled_space_peaks.csv,5215,1587,41,0.7666862687444869,0.992199391171994,0.8649859014761984
80,./dataset/fiddlercrab_corneas/whole/test_images_10/flammula_20190925_male_left-image.nii,./dataset/fiddlercrab_corneas/whole/test_labels_10/flammula_20190925_male_left-corneas.csv,./output/flammula_20190925_male_left-image.logs_fiddlercrab_corneas_lightning_logs_version_26_checkpoints_last_x_1_y_1_z_2_average_threshold_None_prediction_peak_min_val_0_25_method_max_filter.resampled_space_peaks.csv,5181,1447,2950,0.7816837658418829,0.6371909974172918,0.702080086726743
81,./dataset/fiddlercrab_corneas/whole/test_images_10/flammula_20190925_male_left-image.nii,./dataset/fiddlercrab_corneas/whole/test_labels_10/flammula_20190925_male_left-corneas.csv,./output/flammula_20190925_male_left-image.logs_fiddlercrab_corneas_lightning_logs_version_26_checkpoints_last_x_1_y_1_z_4_average_threshold_0.5_prediction_peak_min_val_0_3_method_center_of_mass.resampled_space_peaks.csv,5367,1278,2764,0.8076749435665914,0.660066412495388,0.726448294531673
82,./dataset/fiddlercrab_corneas/whole/test_images_10/dampieri_male_16-image.nii,./dataset/fiddlercrab_corneas/whole/test_labels_10/dampieri_male_16-corneas.csv,./output/dampieri_male_16-image.logs_fiddlercrab_corneas_lightning_logs_version_26_checkpoints_last_x_1_y_1_z_1_average_threshold_0.5_prediction_peak_min_val_0_25_method_max_filter.resampled_space_peaks.csv,4916,1019,340,0.828306655433867,0.9353120243531202,0.878563131087481
83,./dataset/fiddlercrab_corneas/whole/test_images_10/flammula_20190925_male_left-image.nii,./dataset/fiddlercrab_corneas/whole/test_labels_10/flammula_20190925_male_left-corneas.csv,./output/flammula_20190925_male_left-image.logs_fiddlercrab_corneas_lightning_logs_version_26_checkpoints_last_x_1_y_1_z_1_average_threshold_None_prediction_peak_min_val_0_4_method_center_of_mass.resampled_space_peaks.csv,3619,731,4512,0.8319540229885057,0.44508670520231214,0.5799214806505889
84,./dataset/fiddlercrab_corneas/whole/test_images_10/dampieri_male_16-image.nii,./dataset/fiddlercrab_corneas/whole/test_labels_10/dampieri_male_16-corneas.csv,./output/dampieri_male_16-image.logs_fiddlercrab_corneas_lightning_logs_version_26_checkpoints_last_x_1_y_1_z_2_average_threshold_None_prediction_peak_min_val_0_5_method_center_of_mass.resampled_space_peaks.csv,4843,984,413,0.83113094216578,0.9214231354642314,0.8739510962735721
85,./dataset/fiddlercrab_corneas/whole/test_images_10/flammula_20190925_male_left-image.nii,./dataset/fiddlercrab_corneas/whole/test_labels_10/flammula_20190925_male_left-corneas.csv,./output/flammula_20190925_male_left-image.logs_fiddlercrab_corneas_lightning_logs_version_26_checkpoints_last_x_1_y_1_z_2_average_threshold_None_prediction_peak_min_val_0_4_method_max_filter.resampled_space_peaks.csv,3789,1044,4342,0.7839851024208566,0.46599434263928174,0.5845418080839248
86,./dataset/fiddlercrab_corneas/whole/test_images_10/dampieri_male_16-image.nii,./dataset/fiddlercrab_corneas/whole/test_labels_10/dampieri_male_16-corneas.csv,./output/dampieri_male_16-image.logs_fiddlercrab_corneas_lightning_logs_version_26_checkpoints_last_x_1_y_1_z_2_average_threshold_None_prediction_peak_min_val_0_4_method_center_of_mass.resampled_space_peaks.csv,4980,1029,276,0.8287568647029456,0.9474885844748858,0.8841544607190414
87,./dataset/fiddlercrab_corneas/whole/test_images_10/flammula_20190925_male_left-image.nii,./dataset/fiddlercrab_corneas/whole/test_labels_10/flammula_20190925_male_left-corneas.csv,./output/flammula_20190925_male_left-image.logs_fiddlercrab_corneas_lightning_logs_version_26_checkpoints_last_x_1_y_1_z_1_average_threshold_0.3_prediction_peak_min_val_0_3_method_max_filter.resampled_space_peaks.csv,4057,897,4074,0.8189341945902301,0.4989546181281515,0.6200993504012227
88,./dataset/fiddlercrab_corneas/whole/test_images_10/flammula_20190925_male_left-image.nii,./dataset/fiddlercrab_corneas/whole/test_labels_10/flammula_20190925_male_left-corneas.csv,./output/flammula_20190925_male_left-image.logs_fiddlercrab_corneas_lightning_logs_version_26_checkpoints_last_x_1_y_1_z_2_average_threshold_0.5_prediction_peak_min_val_0_5_method_max_filter.resampled_space_peaks.csv,4452,1247,3679,0.7811896824004211,0.5475341286434633,0.6438177874186551
89,./dataset/fiddlercrab_corneas/whole/test_images_10/flammula_20190925_male_left-image.nii,./dataset/fiddlercrab_corneas/whole/test_labels_10/flammula_20190925_male_left-corneas.csv,./output/flammula_20190925_male_left-image.logs_fiddlercrab_corneas_lightning_logs_version_26_checkpoints_last_x_1_y_1_z_2_average_threshold_0.3_prediction_peak_min_val_0_3_method_max_filter.resampled_space_peaks.csv,5585,2169,2546,0.7202734072736652,0.6868773828557373,0.7031790997796663
90,./dataset/fiddlercrab_corneas/whole/test_images_10/dampieri_male_16-image.nii,./dataset/fiddlercrab_corneas/whole/test_labels_10/dampieri_male_16-corneas.csv,./output/dampieri_male_16-image.logs_fiddlercrab_corneas_lightning_logs_version_26_checkpoints_last_x_1_y_1_z_1_average_threshold_0.3_prediction_peak_min_val_0_2_method_max_filter.resampled_space_peaks.csv,5135,1250,121,0.8042286609240408,0.976978691019787,0.8822266128339491
91,./dataset/fiddlercrab_corneas/whole/test_images_10/dampieri_male_16-image.nii,./dataset/fiddlercrab_corneas/whole/test_labels_10/dampieri_male_16-corneas.csv,./output/dampieri_male_16-image.logs_fiddlercrab_corneas_lightning_logs_version_26_checkpoints_last_x_1_y_1_z_1_average_threshold_0.4_prediction_peak_min_val_0_4_method_max_filter.resampled_space_peaks.csv,5057,1149,199,0.8148565903963906,0.962138508371385,0.8823939975571453
92,./dataset/fiddlercrab_corneas/whole/test_images_10/flammula_20190925_male_left-image.nii,./dataset/fiddlercrab_corneas/whole/test_labels_10/flammula_20190925_male_left-corneas.csv,./output/flammula_20190925_male_left-image.logs_fiddlercrab_corneas_lightning_logs_version_26_checkpoints_last_x_1_y_1_z_2_average_threshold_0.4_prediction_peak_min_val_0_4_method_max_filter.resampled_space_peaks.csv,5021,1585,3110,0.7600666061156525,0.6175132210060263,0.6814141277057746
93,./dataset/fiddlercrab_corneas/whole/test_images_10/flammula_20190925_male_left-image.nii,./dataset/fiddlercrab_corneas/whole/test_labels_10/flammula_20190925_male_left-corneas.csv,./output/flammula_20190925_male_left-image.logs_fiddlercrab_corneas_lightning_logs_version_26_checkpoints_last_x_1_y_1_z_2_average_threshold_None_prediction_peak_min_val_0_5_method_center_of_mass.resampled_space_peaks.csv,2286,624,5845,0.7855670103092783,0.2811462304759562,0.4140929263653655
94,./dataset/fiddlercrab_corneas/whole/test_images_10/dampieri_male_16-image.nii,./dataset/fiddlercrab_corneas/whole/test_labels_10/dampieri_male_16-corneas.csv,./output/dampieri_male_16-image.logs_fiddlercrab_corneas_lightning_logs_version_26_checkpoints_last_x_1_y_1_z_1_average_threshold_None_prediction_peak_min_val_0_3_method_center_of_mass.resampled_space_peaks.csv,3997,682,1259,0.854242359478521,0.7604642313546424,0.8046300956215401
95,./dataset/fiddlercrab_corneas/whole/test_images_10/flammula_20190925_male_left-image.nii,./dataset/fiddlercrab_corneas/whole/test_labels_10/flammula_20190925_male_left-corneas.csv,./output/flammula_20190925_male_left-image.logs_fiddlercrab_corneas_lightning_logs_version_26_checkpoints_last_x_1_y_1_z_1_average_threshold_0.4_prediction_peak_min_val_0_2_method_max_filter.resampled_space_peaks.csv,3304,669,4827,0.8316133903850994,0.40634608289263313,0.5459352280237938
96,./dataset/fiddlercrab_corneas/whole/test_images_10/flammula_20190925_male_left-image.nii,./dataset/fiddlercrab_corneas/whole/test_labels_10/flammula_20190925_male_left-corneas.csv,./output/flammula_20190925_male_left-image.logs_fiddlercrab_corneas_lightning_logs_version_26_checkpoints_last_x_1_y_1_z_1_average_threshold_0.5_prediction_peak_min_val_0_5_method_max_filter.resampled_space_peaks.csv,2662,504,5469,0.8408085912823753,0.3273890050424302,0.4712755598831548
97,./dataset/fiddlercrab_corneas/whole/test_images_10/dampieri_male_16-image.nii,./dataset/fiddlercrab_corneas/whole/test_labels_10/dampieri_male_16-corneas.csv,./output/dampieri_male_16-image.logs_fiddlercrab_corneas_lightning_logs_version_26_checkpoints_last_x_1_y_1_z_2_average_threshold_0.3_prediction_peak_min_val_0_25_method_max_filter.resampled_space_peaks.csv,5241,1748,15,0.7498926885105165,0.9971461187214612,0.8560228664761127
98,./dataset/fiddlercrab_corneas/whole/test_images_10/flammula_20190925_male_left-image.nii,./dataset/fiddlercrab_corneas/whole/test_labels_10/flammula_20190925_male_left-corneas.csv,./output/flammula_20190925_male_left-image.logs_fiddlercrab_corneas_lightning_logs_version_26_checkpoints_last_x_1_y_1_z_2_average_threshold_None_prediction_peak_min_val_0_2_method_max_filter.resampled_space_peaks.csv,5575,1565,2556,0.780812324929972,0.6856475218300332,0.7301420994040992
99,./dataset/fiddlercrab_corneas/whole/test_images_10/flammula_20190925_male_left-image.nii,./dataset/fiddlercrab_corneas/whole/test_labels_10/flammula_20190925_male_left-corneas.csv,./output/flammula_20190925_male_left-image.logs_fiddlercrab_corneas_lightning_logs_version_26_checkpoints_last_x_1_y_1_z_1_average_threshold_None_prediction_peak_min_val_0_2_method_max_filter.resampled_space_peaks.csv,5054,1305,3077,0.7947790533102689,0.6215717623908499,0.697584541062802
100,./dataset/fiddlercrab_corneas/whole/test_images_10/flammula_20190925_male_left-image.nii,./dataset/fiddlercrab_corneas/whole/test_labels_10/flammula_20190925_male_left-corneas.csv,./output/flammula_20190925_male_left-image.logs_fiddlercrab_corneas_lightning_logs_version_26_checkpoints_last_x_1_y_1_z_2_average_threshold_0.4_prediction_peak_min_val_0_25_method_center_of_mass.resampled_space_peaks.csv,5021,1288,3110,0.7958472024092567,0.6175132210060263,0.6954293628808864
101,./dataset/fiddlercrab_corneas/whole/test_images_10/flammula_20190925_male_left-image.nii,./dataset/fiddlercrab_corneas/whole/test_labels_10/flammula_20190925_male_left-corneas.csv,./output/flammula_20190925_male_left-image.logs_fiddlercrab_corneas_lightning_logs_version_26_checkpoints_last_x_1_y_1_z_2_average_threshold_0.2_prediction_peak_min_val_0_5_method_max_filter.resampled_space_peaks.csv,4609,2188,3522,0.6780932764454907,0.5668429467470176,0.6174973204715971
102,./dataset/fiddlercrab_corneas/whole/test_images_10/dampieri_male_16-image.nii,./dataset/fiddlercrab_corneas/whole/test_labels_10/dampieri_male_16-corneas.csv,./output/dampieri_male_16-image.logs_fiddlercrab_corneas_lightning_logs_version_26_checkpoints_last_x_1_y_1_z_1_average_threshold_0.2_prediction_peak_min_val_0_4_method_max_filter.resampled_space_peaks.csv,5072,1170,184,0.81256007689843,0.9649923896499238,0.8822403896329797
103,./dataset/fiddlercrab_corneas/whole/test_images_10/flammula_20190925_male_left-image.nii,./dataset/fiddlercrab_corneas/whole/test_labels_10/flammula_20190925_male_left-corneas.csv,./output/flammula_20190925_male_left-image.logs_fiddlercrab_corneas_lightning_logs_version_26_checkpoints_last_x_1_y_1_z_2_average_threshold_0.4_prediction_peak_min_val_0_5_method_max_filter.resampled_space_peaks.csv,4710,1472,3421,0.761889356195406,0.579264543106629,0.658142946971285
104,./dataset/fiddlercrab_corneas/whole/test_images_10/flammula_20190925_male_left-image.nii,./dataset/fiddlercrab_corneas/whole/test_labels_10/flammula_20190925_male_left-corneas.csv,./output/flammula_20190925_male_left-image.logs_fiddlercrab_corneas_lightning_logs_version_26_checkpoints_last_x_1_y_1_z_1_average_threshold_0.3_prediction_peak_min_val_0_4_method_center_of_mass.resampled_space_peaks.csv,3574,717,4557,0.8329060824982522,0.4395523305866437,0.5754306874899372
105,./dataset/fiddlercrab_corneas/whole/test_images_10/dampieri_male_16-image.nii,./dataset/fiddlercrab_corneas/whole/test_labels_10/dampieri_male_16-corneas.csv,./output/dampieri_male_16-image.logs_fiddlercrab_corneas_lightning_logs_version_26_checkpoints_last_x_1_y_1_z_2_average_threshold_0.4_prediction_peak_min_val_0_3_method_center_of_mass.resampled_space_peaks.csv,5065,1181,191,0.8109189881524176,0.9636605783866058,0.8807163971483221
106,./dataset/fiddlercrab_corneas/whole/test_images_10/dampieri_male_16-image.nii,./dataset/fiddlercrab_corneas/whole/test_labels_10/dampieri_male_16-corneas.csv,./output/dampieri_male_16-image.logs_fiddlercrab_corneas_lightning_logs_version_26_checkpoints_last_x_1_y_1_z_1_average_threshold_None_prediction_peak_min_val_0_5_method_max_filter.resampled_space_peaks.csv,4967,1059,289,0.8242615333554597,0.9450152207001522,0.8805176387165397
107,./dataset/fiddlercrab_corneas/whole/test_images_10/flammula_20190925_male_left-image.nii,./dataset/fiddlercrab_corneas/whole/test_labels_10/flammula_20190925_male_left-corneas.csv,./output/flammula_20190925_male_left-image.logs_fiddlercrab_corneas_lightning_logs_version_26_checkpoints_last_x_1_y_1_z_2_average_threshold_0.3_prediction_peak_min_val_0_2_method_max_filter.resampled_space_peaks.csv,5585,2169,2546,0.7202734072736652,0.6868773828557373,0.7031790997796663
108,./dataset/fiddlercrab_corneas/whole/test_images_10/flammula_20190925_male_left-image.nii,./dataset/fiddlercrab_corneas/whole/test_labels_10/flammula_20190925_male_left-corneas.csv,./output/flammula_20190925_male_left-image.logs_fiddlercrab_corneas_lightning_logs_version_26_checkpoints_last_x_1_y_1_z_2_average_threshold_0.3_prediction_peak_min_val_0_5_method_max_filter.resampled_space_peaks.csv,4683,1832,3448,0.7188027628549502,0.5759439183372279,0.6394920114707087
109,./dataset/fiddlercrab_corneas/whole/test_images_10/dampieri_male_16-image.nii,./dataset/fiddlercrab_corneas/whole/test_labels_10/dampieri_male_16-corneas.csv,./output/dampieri_male_16-image.logs_fiddlercrab_corneas_lightning_logs_version_26_checkpoints_last_x_1_y_1_z_1_prediction_peak_min_val_0_5_method_center_of_mass.resampled_space_peaks.csv,4962,1050,294,0.8253493013972056,0.9440639269406392,0.8807241746538872
110,./dataset/fiddlercrab_corneas/whole/test_images_10/dampieri_male_16-image.nii,./dataset/fiddlercrab_corneas/whole/test_labels_10/dampieri_male_16-corneas.csv,./output/dampieri_male_16-image.logs_fiddlercrab_corneas_lightning_logs_version_26_checkpoints_last_x_1_y_1_z_2_average_threshold_0.4_prediction_peak_min_val_0_2_method_center_of_mass.resampled_space_peaks.csv,5065,1181,191,0.8109189881524176,0.9636605783866058,0.8807163971483221
111,./dataset/fiddlercrab_corneas/whole/test_images_10/flammula_20190925_male_left-image.nii,./dataset/fiddlercrab_corneas/whole/test_labels_10/flammula_20190925_male_left-corneas.csv,./output/flammula_20190925_male_left-image.logs_fiddlercrab_corneas_lightning_logs_version_26_checkpoints_last_x_1_y_1_z_2_average_threshold_None_prediction_peak_min_val_0_25_method_center_of_mass.resampled_space_peaks.csv,4957,1229,3174,0.8013255738764953,0.6096421104415201,0.6924635049242158
112,./dataset/fiddlercrab_corneas/whole/test_images_10/dampieri_male_16-image.nii,./dataset/fiddlercrab_corneas/whole/test_labels_10/dampieri_male_16-corneas.csv,./output/dampieri_male_16-image.logs_fiddlercrab_corneas_lightning_logs_version_26_checkpoints_last_x_1_y_1_z_1_average_threshold_None_prediction_peak_min_val_0_2_method_center_of_mass.resampled_space_peaks.csv,1981,386,3275,0.8369243768483312,0.3769025875190259,0.519742883379247
113,./dataset/fiddlercrab_corneas/whole/test_images_10/dampieri_male_16-image.nii,./dataset/fiddlercrab_corneas/whole/test_labels_10/dampieri_male_16-corneas.csv,./output/dampieri_male_16-image.logs_fiddlercrab_corneas_lightning_logs_version_26_checkpoints_last_x_1_y_1_z_1_average_threshold_0.3_prediction_peak_min_val_0_5_method_center_of_mass.resampled_space_peaks.csv,4952,1039,304,0.8265731931230179,0.9421613394216134,0.8805903796567973
114,./dataset/fiddlercrab_corneas/whole/test_images_10/flammula_20190925_male_left-image.nii,./dataset/fiddlercrab_corneas/whole/test_labels_10/flammula_20190925_male_left-corneas.csv,./output/flammula_20190925_male_left-image.logs_fiddlercrab_corneas_lightning_logs_version_26_checkpoints_last_x_1_y_1_z_1_average_threshold_None_prediction_peak_min_val_0_3_method_max_filter.resampled_space_peaks.csv,4297,988,3834,0.8130558183538316,0.5284712827450498,0.6405784138342278
115,./dataset/fiddlercrab_corneas/whole/test_images_10/dampieri_male_16-image.nii,./dataset/fiddlercrab_corneas/whole/test_labels_10/dampieri_male_16-corneas.csv,./output/dampieri_male_16-image.logs_fiddlercrab_corneas_lightning_logs_version_26_checkpoints_last_x_1_y_1_z_2_average_threshold_0.2_prediction_peak_min_val_0_25_method_center_of_mass.resampled_space_peaks.csv,2983,500,2273,0.8564455928797015,0.5675418569254186,0.6826868062707403
116,./dataset/fiddlercrab_corneas/whole/test_images_10/dampieri_male_16-image.nii,./dataset/fiddlercrab_corneas/whole/test_labels_10/dampieri_male_16-corneas.csv,./output/dampieri_male_16-image.logs_fiddlercrab_corneas_lightning_logs_version_26_checkpoints_last_x_1_y_1_z_1_average_threshold_None_prediction_peak_min_val_0_5_method_center_of_mass.resampled_space_peaks.csv,4962,1050,294,0.8253493013972056,0.9440639269406392,0.8807241746538872
117,./dataset/fiddlercrab_corneas/whole/test_images_10/dampieri_male_16-image.nii,./dataset/fiddlercrab_corneas/whole/test_labels_10/dampieri_male_16-corneas.csv,./output/dampieri_male_16-image.logs_fiddlercrab_corneas_lightning_logs_version_26_checkpoints_last_x_1_y_1_z_2_average_threshold_0.3_prediction_peak_min_val_0_3_method_max_filter.resampled_space_peaks.csv,5241,1748,15,0.7498926885105165,0.9971461187214612,0.8560228664761127
118,./dataset/fiddlercrab_corneas/whole/test_images_10/flammula_20190925_male_left-image.nii,./dataset/fiddlercrab_corneas/whole/test_labels_10/flammula_20190925_male_left-corneas.csv,./output/flammula_20190925_male_left-image.logs_fiddlercrab_corneas_lightning_logs_version_26_checkpoints_last_x_1_y_1_z_1_average_threshold_0.4_prediction_peak_min_val_0_25_method_max_filter.resampled_space_peaks.csv,3304,669,4827,0.8316133903850994,0.40634608289263313,0.5459352280237938
119,./dataset/fiddlercrab_corneas/whole/test_images_10/dampieri_male_16-image.nii,./dataset/fiddlercrab_corneas/whole/test_labels_10/dampieri_male_16-corneas.csv,./output/dampieri_male_16-image.logs_fiddlercrab_corneas_lightning_logs_version_26_checkpoints_last_x_1_y_1_z_1_average_threshold_0.3_prediction_peak_min_val_0_4_method_max_filter.resampled_space_peaks.csv,5072,1170,184,0.81256007689843,0.9649923896499238,0.8822403896329797
120,./dataset/fiddlercrab_corneas/whole/test_images_10/dampieri_male_16-image.nii,./dataset/fiddlercrab_corneas/whole/test_labels_10/dampieri_male_16-corneas.csv,./output/dampieri_male_16-image.logs_fiddlercrab_corneas_lightning_logs_version_26_checkpoints_last_x_1_y_1_z_1_average_threshold_0.2_prediction_peak_min_val_0_2_method_center_of_mass.resampled_space_peaks.csv,2595,448,2661,0.8527768649359185,0.4937214611872146,0.6253765513917339
121,./dataset/fiddlercrab_corneas/whole/test_images_10/dampieri_male_16-image.nii,./dataset/fiddlercrab_corneas/whole/test_labels_10/dampieri_male_16-corneas.csv,./output/dampieri_male_16-image.logs_fiddlercrab_corneas_lightning_logs_version_26_checkpoints_last_x_1_y_1_z_1_average_threshold_0.2_prediction_peak_min_val_0_2_method_max_filter.resampled_space_peaks.csv,5194,1356,62,0.7929770992366412,0.9882039573820396,0.8798915805522616
122,./dataset/fiddlercrab_corneas/whole/test_images_10/dampieri_male_16-image.nii,./dataset/fiddlercrab_corneas/whole/test_labels_10/dampieri_male_16-corneas.csv,./output/dampieri_male_16-image.logs_fiddlercrab_corneas_lightning_logs_version_26_checkpoints_last_x_1_y_1_z_1_average_threshold_0.2_prediction_peak_min_val_0_25_method_center_of_mass.resampled_space_peaks.csv,3383,583,1873,0.8530005042864347,0.6436453576864536,0.7336803296464977
123,./dataset/fiddlercrab_corneas/whole/test_images_10/dampieri_male_16-image.nii,./dataset/fiddlercrab_corneas/whole/test_labels_10/dampieri_male_16-corneas.csv,./output/dampieri_male_16-image.logs_fiddlercrab_corneas_lightning_logs_version_26_checkpoints_last_x_1_y_1_z_1_average_threshold_None_prediction_peak_min_val_0_25_method_center_of_mass.resampled_space_peaks.csv,3202,562,2054,0.8506907545164718,0.6092085235920852,0.7099778270509977
124,./dataset/fiddlercrab_corneas/whole/test_images_10/dampieri_male_16-image.nii,./dataset/fiddlercrab_corneas/whole/test_labels_10/dampieri_male_16-corneas.csv,./output/dampieri_male_16-image.logs_fiddlercrab_corneas_lightning_logs_version_26_checkpoints_last_x_1_y_1_z_2_average_threshold_None_prediction_peak_min_val_0_2_method_max_filter.resampled_space_peaks.csv,5241,1397,15,0.7895450436878578,0.9971461187214612,0.881284681351942
125,./dataset/fiddlercrab_corneas/whole/test_images_10/flammula_20190925_male_left-image.nii,./dataset/fiddlercrab_corneas/whole/test_labels_10/flammula_20190925_male_left-corneas.csv,./output/flammula_20190925_male_left-image.logs_fiddlercrab_corneas_lightning_logs_version_26_checkpoints_last_x_1_y_1_z_1_average_threshold_0.3_prediction_peak_min_val_0_2_method_center_of_mass.resampled_space_peaks.csv,4040,826,4091,0.8302507192766132,0.4968638543844546,0.6216819265984457
126,./dataset/fiddlercrab_corneas/whole/test_images_10/flammula_20190925_male_left-image.nii,./dataset/fiddlercrab_corneas/whole/test_labels_10/flammula_20190925_male_left-corneas.csv,./output/flammula_20190925_male_left-image.logs_fiddlercrab_corneas_lightning_logs_version_26_checkpoints_last_x_1_y_1_z_1_average_threshold_0.2_prediction_peak_min_val_0_4_method_max_filter.resampled_space_peaks.csv,3574,747,4557,0.8271233510761398,0.4395523305866437,0.5740443302280758
127,./dataset/fiddlercrab_corneas/whole/test_images_10/dampieri_male_16-image.nii,./dataset/fiddlercrab_corneas/whole/test_labels_10/dampieri_male_16-corneas.csv,./output/dampieri_male_16-image.logs_fiddlercrab_corneas_lightning_logs_version_26_checkpoints_last_x_1_y_1_z_1_average_threshold_0.2_prediction_peak_min_val_0_5_method_center_of_mass.resampled_space_peaks.csv,4952,1039,304,0.8265731931230179,0.9421613394216134,0.8805903796567973
128,./dataset/fiddlercrab_corneas/whole/test_images_10/dampieri_male_16-image.nii,./dataset/fiddlercrab_corneas/whole/test_labels_10/dampieri_male_16-corneas.csv,./output/dampieri_male_16-image.logs_fiddlercrab_corneas_lightning_logs_version_26_checkpoints_last_x_1_y_1_z_2_average_threshold_0.5_prediction_peak_min_val_0_3_method_center_of_mass.resampled_space_peaks.csv,5209,1195,47,0.8133978763272954,0.9910578386605784,0.8934819897084049
129,./dataset/fiddlercrab_corneas/whole/test_images_10/dampieri_male_16-image.nii,./dataset/fiddlercrab_corneas/whole/test_labels_10/dampieri_male_16-corneas.csv,./output/dampieri_male_16-image.logs_fiddlercrab_corneas_lightning_logs_version_26_checkpoints_last_x_1_y_1_z_2_average_threshold_0.5_prediction_peak_min_val_0_25_method_center_of_mass.resampled_space_peaks.csv,5209,1195,47,0.8133978763272954,0.9910578386605784,0.8934819897084049
130,./dataset/fiddlercrab_corneas/whole/test_images_10/dampieri_male_16-image.nii,./dataset/fiddlercrab_corneas/whole/test_labels_10/dampieri_male_16-corneas.csv,./output/dampieri_male_16-image.logs_fiddlercrab_corneas_lightning_logs_version_26_checkpoints_last_x_1_y_1_z_1_average_threshold_0.3_prediction_peak_min_val_0_3_method_max_filter.resampled_space_peaks.csv,5135,1250,121,0.8042286609240408,0.976978691019787,0.8822266128339491
131,./dataset/fiddlercrab_corneas/whole/test_images_10/flammula_20190925_male_left-image.nii,./dataset/fiddlercrab_corneas/whole/test_labels_10/flammula_20190925_male_left-corneas.csv,./output/flammula_20190925_male_left-image.logs_fiddlercrab_corneas_lightning_logs_version_26_checkpoints_last_x_1_y_1_z_1_average_threshold_0.2_prediction_peak_min_val_0_5_method_center_of_mass.resampled_space_peaks.csv,2946,548,5185,0.8431597023468803,0.36231705817242654,0.5068387096774194
132,./dataset/fiddlercrab_corneas/whole/test_images_10/flammula_20190925_male_left-image.nii,./dataset/fiddlercrab_corneas/whole/test_labels_10/flammula_20190925_male_left-corneas.csv,./output/flammula_20190925_male_left-image.logs_fiddlercrab_corneas_lightning_logs_version_26_checkpoints_last_x_1_y_1_z_2_average_threshold_0.5_prediction_peak_min_val_0_25_method_center_of_mass.resampled_space_peaks.csv,4452,1123,3679,0.7985650224215247,0.5475341286434633,0.6496424923391216
133,./dataset/fiddlercrab_corneas/whole/test_images_10/dampieri_male_16-image.nii,./dataset/fiddlercrab_corneas/whole/test_labels_10/dampieri_male_16-corneas.csv,./output/dampieri_male_16-image.logs_fiddlercrab_corneas_lightning_logs_version_26_checkpoints_last_x_1_y_1_z_1_average_threshold_0.4_prediction_peak_min_val_0_3_method_max_filter.resampled_space_peaks.csv,5057,1149,199,0.8148565903963906,0.962138508371385,0.8823939975571453
134,./dataset/fiddlercrab_corneas/whole/test_images_10/flammula_20190925_male_left-image.nii,./dataset/fiddlercrab_corneas/whole/test_labels_10/flammula_20190925_male_left-corneas.csv,./output/flammula_20190925_male_left-image.logs_fiddlercrab_corneas_lightning_logs_version_26_checkpoints_last_x_1_y_1_z_2_average_threshold_0.3_prediction_peak_min_val_0_25_method_center_of_mass.resampled_space_peaks.csv,5513,1350,2618,0.8032930205449512,0.6780223834706678,0.735360810991063
135,./dataset/fiddlercrab_corneas/whole/test_images_10/flammula_20190925_male_left-image.nii,./dataset/fiddlercrab_corneas/whole/test_labels_10/flammula_20190925_male_left-corneas.csv,./output/flammula_20190925_male_left-image.logs_fiddlercrab_corneas_lightning_logs_version_26_checkpoints_last_x_1_y_1_z_2_average_threshold_0.4_prediction_peak_min_val_0_4_method_center_of_mass.resampled_space_peaks.csv,5021,1288,3110,0.7958472024092567,0.6175132210060263,0.6954293628808864
136,./dataset/fiddlercrab_corneas/whole/test_images_10/flammula_20190925_male_left-image.nii,./dataset/fiddlercrab_corneas/whole/test_labels_10/flammula_20190925_male_left-corneas.csv,./output/flammula_20190925_male_left-image.logs_fiddlercrab_corneas_lightning_logs_version_26_checkpoints_last_x_1_y_1_z_2_average_threshold_None_prediction_peak_min_val_0_3_method_max_filter.resampled_space_peaks.csv,4774,1309,3357,0.7848101265822784,0.5871356536711352,0.6717320951174899
137,./dataset/fiddlercrab_corneas/whole/test_images_10/flammula_20190925_male_left-image.nii,./dataset/fiddlercrab_corneas/whole/test_labels_10/flammula_20190925_male_left-corneas.csv,./output/flammula_20190925_male_left-image.logs_fiddlercrab_corneas_lightning_logs_version_26_checkpoints_last_x_1_y_1_z_2_average_threshold_0.2_prediction_peak_min_val_0_2_method_max_filter.resampled_space_peaks.csv,6084,3104,2047,0.6621680452764476,0.7482474480383716,0.7025809804261216
138,./dataset/fiddlercrab_corneas/whole/test_images_10/dampieri_male_16-image.nii,./dataset/fiddlercrab_corneas/whole/test_labels_10/dampieri_male_16-corneas.csv,./output/dampieri_male_16-image.logs_fiddlercrab_corneas_lightning_logs_version_26_checkpoints_last_x_1_y_1_z_1_average_threshold_0.4_prediction_peak_min_val_0_4_method_center_of_mass.resampled_space_peaks.csv,4990,1048,266,0.8264325935740311,0.9493911719939118,0.8836550380733134
139,./dataset/fiddlercrab_corneas/whole/test_images_10/dampieri_male_16-image.nii,./dataset/fiddlercrab_corneas/whole/test_labels_10/dampieri_male_16-corneas.csv,./output/dampieri_male_16-image.logs_fiddlercrab_corneas_lightning_logs_version_26_checkpoints_last_x_1_y_1_z_2_average_threshold_None_prediction_peak_min_val_0_4_method_max_filter.resampled_space_peaks.csv,5132,1152,124,0.8166772756206238,0.9764079147640792,0.8894280762564991
140,./dataset/fiddlercrab_corneas/whole/test_images_10/flammula_20190925_male_left-image.nii,./dataset/fiddlercrab_corneas/whole/test_labels_10/flammula_20190925_male_left-corneas.csv,./output/flammula_20190925_male_left-image.logs_fiddlercrab_corneas_lightning_logs_version_26_checkpoints_last_x_1_y_1_z_1_average_threshold_None_prediction_peak_min_val_0_25_method_center_of_mass.resampled_space_peaks.csv,4192,753,3939,0.8477249747219413,0.5155577419751568,0.6411746711532579
141,./dataset/fiddlercrab_corneas/whole/test_images_10/flammula_20190925_male_left-image.nii,./dataset/fiddlercrab_corneas/whole/test_labels_10/flammula_20190925_male_left-corneas.csv,./output/flammula_20190925_male_left-image.logs_fiddlercrab_corneas_lightning_logs_version_26_checkpoints_last_x_1_y_1_z_1_average_threshold_0.3_prediction_peak_min_val_0_5_method_max_filter.resampled_space_peaks.csv,2946,565,5185,0.8390771859868983,0.36231705817242654,0.5060986084865143
142,./dataset/fiddlercrab_corneas/whole/test_images_10/dampieri_male_16-image.nii,./dataset/fiddlercrab_corneas/whole/test_labels_10/dampieri_male_16-corneas.csv,./output/dampieri_male_16-image.logs_fiddlercrab_corneas_lightning_logs_version_26_checkpoints_last_x_1_y_1_z_2_average_threshold_0.2_prediction_peak_min_val_0_3_method_center_of_mass.resampled_space_peaks.csv,3824,764,1432,0.8334786399302528,0.7275494672754946,0.7769199512393337
143,./dataset/fiddlercrab_corneas/whole/test_images_10/dampieri_male_16-image.nii,./dataset/fiddlercrab_corneas/whole/test_labels_10/dampieri_male_16-corneas.csv,./output/dampieri_male_16-image.logs_fiddlercrab_corneas_lightning_logs_version_26_checkpoints_last_x_1_y_1_z_1_average_threshold_0.2_prediction_peak_min_val_0_3_method_center_of_mass.resampled_space_peaks.csv,4130,711,1126,0.8531295186944846,0.7857686453576864,0.8180647717143705
144,./dataset/fiddlercrab_corneas/whole/test_images_10/flammula_20190925_male_left-image.nii,./dataset/fiddlercrab_corneas/whole/test_labels_10/flammula_20190925_male_left-corneas.csv,./output/flammula_20190925_male_left-image.logs_fiddlercrab_corneas_lightning_logs_version_26_checkpoints_last_x_1_y_1_z_1_average_threshold_0.5_prediction_peak_min_val_0_3_method_center_of_mass.resampled_space_peaks.csv,2662,491,5469,0.8442752933713923,0.3273890050424302,0.4718185040765686
145,./dataset/fiddlercrab_corneas/whole/test_images_10/dampieri_male_16-image.nii,./dataset/fiddlercrab_corneas/whole/test_labels_10/dampieri_male_16-corneas.csv,./output/dampieri_male_16-image.logs_fiddlercrab_corneas_lightning_logs_version_26_checkpoints_last_x_1_y_1_z_2_average_threshold_0.4_prediction_peak_min_val_0_4_method_center_of_mass.resampled_space_peaks.csv,5065,1181,191,0.8109189881524176,0.9636605783866058,0.8807163971483221
146,./dataset/fiddlercrab_corneas/whole/test_images_10/flammula_20190925_male_left-image.nii,./dataset/fiddlercrab_corneas/whole/test_labels_10/flammula_20190925_male_left-corneas.csv,./output/flammula_20190925_male_left-image.logs_fiddlercrab_corneas_lightning_logs_version_26_checkpoints_last_x_1_y_1_z_1_average_threshold_0.5_prediction_peak_min_val_0_2_method_center_of_mass.resampled_space_peaks.csv,2662,491,5469,0.8442752933713923,0.3273890050424302,0.4718185040765686
147,./dataset/fiddlercrab_corneas/whole/test_images_10/dampieri_male_16-image.nii,./dataset/fiddlercrab_corneas/whole/test_labels_10/dampieri_male_16-corneas.csv,./output/dampieri_male_16-image.logs_fiddlercrab_corneas_lightning_logs_version_26_checkpoints_last_x_1_y_1_z_2_average_threshold_0.2_prediction_peak_min_val_0_4_method_center_of_mass.resampled_space_peaks.csv,5098,1218,158,0.8071564281190627,0.9699391171993912,0.8810922917386795
148,./dataset/fiddlercrab_corneas/whole/test_images_10/flammula_20190925_male_left-image.nii,./dataset/fiddlercrab_corneas/whole/test_labels_10/flammula_20190925_male_left-corneas.csv,./output/flammula_20190925_male_left-image.logs_fiddlercrab_corneas_lightning_logs_version_26_checkpoints_last_x_1_y_1_z_1_prediction.resampled_space_peaks.csv,5054,1305,3077,0.7947790533102689,0.6215717623908499,0.697584541062802
149,./dataset/fiddlercrab_corneas/whole/test_images_10/dampieri_male_16-image.nii,./dataset/fiddlercrab_corneas/whole/test_labels_10/dampieri_male_16-corneas.csv,./output/dampieri_male_16-image.logs_fiddlercrab_corneas_lightning_logs_version_26_checkpoints_last_x_1_y_1_z_1_average_threshold_0.2_prediction_peak_min_val_0_25_method_max_filter.resampled_space_peaks.csv,5167,1312,89,0.7974996141379842,0.9830669710806698,0.8806135492117597
150,./dataset/fiddlercrab_corneas/whole/test_images_10/dampieri_male_16-image.nii,./dataset/fiddlercrab_corneas/whole/test_labels_10/dampieri_male_16-corneas.csv,./output/dampieri_male_16-image.logs_fiddlercrab_corneas_lightning_logs_version_26_checkpoints_last_x_1_y_1_z_1_average_threshold_None_prediction_peak_min_val_0_3_method_max_filter.resampled_space_peaks.csv,5144,1269,112,0.8021206923436769,0.9786910197869102,0.8816522409803753
151,./dataset/fiddlercrab_corneas/whole/test_images_10/flammula_20190925_male_left-image.nii,./dataset/fiddlercrab_corneas/whole/test_labels_10/flammula_20190925_male_left-corneas.csv,./output/flammula_20190925_male_left-image.logs_fiddlercrab_corneas_lightning_logs_version_26_checkpoints_last_x_1_y_1_z_1_average_threshold_None_prediction_peak_min_val_0_5_method_center_of_mass.resampled_space_peaks.csv,2978,553,5153,0.843387142452563,0.36625261345467963,0.5107185731435431
152,./dataset/fiddlercrab_corneas/whole/test_images_10/flammula_20190925_male_left-image.nii,./dataset/fiddlercrab_corneas/whole/test_labels_10/flammula_20190925_male_left-corneas.csv,./output/flammula_20190925_male_left-image.logs_fiddlercrab_corneas_lightning_logs_version_26_checkpoints_last_x_1_y_1_z_2_average_threshold_0.4_prediction_peak_min_val_0_2_method_center_of_mass.resampled_space_peaks.csv,5021,1288,3110,0.7958472024092567,0.6175132210060263,0.6954293628808864
153,./dataset/fiddlercrab_corneas/whole/test_images_10/flammula_20190925_male_left-image.nii,./dataset/fiddlercrab_corneas/whole/test_labels_10/flammula_20190925_male_left-corneas.csv,./output/flammula_20190925_male_left-image.logs_fiddlercrab_corneas_lightning_logs_version_26_checkpoints_last_x_1_y_1_z_1_average_threshold_0.4_prediction_peak_min_val_0_3_method_center_of_mass.resampled_space_peaks.csv,3304,645,4827,0.8366675107622182,0.40634608289263313,0.5470198675496689
154,./dataset/fiddlercrab_corneas/whole/test_images_10/flammula_20190925_male_left-image.nii,./dataset/fiddlercrab_corneas/whole/test_labels_10/flammula_20190925_male_left-corneas.csv,./output/flammula_20190925_male_left-image.logs_fiddlercrab_corneas_lightning_logs_version_26_checkpoints_last_x_1_y_1_z_2_average_threshold_0.4_prediction_peak_min_val_0_3_method_center_of_mass.resampled_space_peaks.csv,5021,1288,3110,0.7958472024092567,0.6175132210060263,0.6954293628808864
155,./dataset/fiddlercrab_corneas/whole/test_images_10/flammula_20190925_male_left-image.nii,./dataset/fiddlercrab_corneas/whole/test_labels_10/flammula_20190925_male_left-corneas.csv,./output/flammula_20190925_male_left-image.logs_fiddlercrab_corneas_lightning_logs_version_26_checkpoints_last_x_1_y_1_z_1_average_threshold_0.2_prediction_peak_min_val_0_25_method_max_filter.resampled_space_peaks.csv,4605,1103,3526,0.8067624386825508,0.566351002336736,0.6655105137654455
156,./dataset/fiddlercrab_corneas/whole/test_images_10/flammula_20190925_male_left-image.nii,./dataset/fiddlercrab_corneas/whole/test_labels_10/flammula_20190925_male_left-corneas.csv,./output/flammula_20190925_male_left-image.logs_fiddlercrab_corneas_lightning_logs_version_26_checkpoints_last_x_1_y_1_z_2_average_threshold_0.3_prediction_peak_min_val_0_4_method_center_of_mass.resampled_space_peaks.csv,5208,1334,2923,0.7960868236013452,0.6405116221866929,0.7098752811286035
157,./dataset/fiddlercrab_corneas/whole/test_images_10/flammula_20190925_male_left-image.nii,./dataset/fiddlercrab_corneas/whole/test_labels_10/flammula_20190925_male_left-corneas.csv,./output/flammula_20190925_male_left-image.logs_fiddlercrab_corneas_lightning_logs_version_26_checkpoints_last_x_1_y_1_z_1_average_threshold_0.3_prediction_peak_min_val_0_5_method_center_of_mass.resampled_space_peaks.csv,2946,548,5185,0.8431597023468803,0.36231705817242654,0.5068387096774194
158,./dataset/fiddlercrab_corneas/whole/test_images_10/dampieri_male_16-image.nii,./dataset/fiddlercrab_corneas/whole/test_labels_10/dampieri_male_16-corneas.csv,./output/dampieri_male_16-image.logs_fiddlercrab_corneas_lightning_logs_version_26_checkpoints_last_x_1_y_1_z_1_average_threshold_0.4_prediction_peak_min_val_0_2_method_max_filter.resampled_space_peaks.csv,5057,1149,199,0.8148565903963906,0.962138508371385,0.8823939975571453
159,./dataset/fiddlercrab_corneas/whole/test_images_10/flammula_20190925_male_left-image.nii,./dataset/fiddlercrab_corneas/whole/test_labels_10/flammula_20190925_male_left-corneas.csv,./output/flammula_20190925_male_left-image.logs_fiddlercrab_corneas_lightning_logs_version_26_checkpoints_last_x_1_y_1_z_2_average_threshold_0.5_prediction_peak_min_val_0_2_method_max_filter.resampled_space_peaks.csv,4452,1247,3679,0.7811896824004211,0.5475341286434633,0.6438177874186551
160,./dataset/fiddlercrab_corneas/whole/test_images_10/dampieri_male_16-image.nii,./dataset/fiddlercrab_corneas/whole/test_labels_10/dampieri_male_16-corneas.csv,./output/dampieri_male_16-image.logs_fiddlercrab_corneas_lightning_logs_version_26_checkpoints_last_x_1_y_1_z_2_average_threshold_None_prediction_peak_min_val_0_25_method_max_filter.resampled_space_peaks.csv,5232,1342,24,0.7958624885914207,0.9954337899543378,0.884530853761623
161,./dataset/fiddlercrab_corneas/whole/test_images_10/dampieri_male_16-image.nii,./dataset/fiddlercrab_corneas/whole/test_labels_10/dampieri_male_16-corneas.csv,./output/dampieri_male_16-image.logs_fiddlercrab_corneas_lightning_logs_version_26_checkpoints_last_x_1_y_1_z_1_average_threshold_0.4_prediction_peak_min_val_0_25_method_center_of_mass.resampled_space_peaks.csv,4990,1048,266,0.8264325935740311,0.9493911719939118,0.8836550380733134
162,./dataset/fiddlercrab_corneas/whole/test_images_10/dampieri_male_16-image.nii,./dataset/fiddlercrab_corneas/whole/test_labels_10/dampieri_male_16-corneas.csv,./output/dampieri_male_16-image.logs_fiddlercrab_corneas_lightning_logs_version_26_checkpoints_last_x_1_y_1_z_2_average_threshold_0.5_prediction_peak_min_val_0_4_method_max_filter.resampled_space_peaks.csv,5213,1424,43,0.7854452312791924,0.9918188736681888,0.8766501303287648
163,./dataset/fiddlercrab_corneas/whole/test_images_10/dampieri_male_16-image.nii,./dataset/fiddlercrab_corneas/whole/test_labels_10/dampieri_male_16-corneas.csv,./output/dampieri_male_16-image.logs_fiddlercrab_corneas_lightning_logs_version_26_checkpoints_last_x_1_y_1_z_1_average_threshold_0.4_prediction_peak_min_val_0_2_method_center_of_mass.resampled_space_peaks.csv,4990,1048,266,0.8264325935740311,0.9493911719939118,0.8836550380733134
164,./dataset/fiddlercrab_corneas/whole/test_images_10/dampieri_male_16-image.nii,./dataset/fiddlercrab_corneas/whole/test_labels_10/dampieri_male_16-corneas.csv,./output/dampieri_male_16-image.logs_fiddlercrab_corneas_lightning_logs_version_26_checkpoints_last_x_1_y_1_z_2_average_threshold_0.4_prediction_peak_min_val_0_3_method_max_filter.resampled_space_peaks.csv,5231,1624,25,0.7630926331145149,0.9952435312024354,0.8638427875485097
165,./dataset/fiddlercrab_corneas/whole/test_images_10/dampieri_male_16-image.nii,./dataset/fiddlercrab_corneas/whole/test_labels_10/dampieri_male_16-corneas.csv,./output/dampieri_male_16-image.logs_fiddlercrab_corneas_lightning_logs_version_26_checkpoints_last_x_1_y_1_z_2_average_threshold_0.2_prediction_peak_min_val_0_2_method_center_of_mass.resampled_space_peaks.csv,1971,343,3285,0.851771823681936,0.375,0.5207397622192866
166,./dataset/fiddlercrab_corneas/whole/test_images_10/dampieri_male_16-image.nii,./dataset/fiddlercrab_corneas/whole/test_labels_10/dampieri_male_16-corneas.csv,./output/dampieri_male_16-image.logs_fiddlercrab_corneas_lightning_logs_version_26_checkpoints_last_x_1_y_1_z_2_average_threshold_0.3_prediction_peak_min_val_0_5_method_max_filter.resampled_space_peaks.csv,5218,1583,38,0.7672401117482723,0.9927701674277016,0.8655552790909844
167,./dataset/fiddlercrab_corneas/whole/test_images_10/dampieri_male_16-image.nii,./dataset/fiddlercrab_corneas/whole/test_labels_10/dampieri_male_16-corneas.csv,./output/dampieri_male_16-image.logs_fiddlercrab_corneas_lightning_logs_version_26_checkpoints_last_x_1_y_1_z_2_average_threshold_0.4_prediction_peak_min_val_0_4_method_max_filter.resampled_space_peaks.csv,5231,1624,25,0.7630926331145149,0.9952435312024354,0.8638427875485097
168,./dataset/fiddlercrab_corneas/whole/test_images_10/flammula_20190925_male_left-image.nii,./dataset/fiddlercrab_corneas/whole/test_labels_10/flammula_20190925_male_left-corneas.csv,./output/flammula_20190925_male_left-image.logs_fiddlercrab_corneas_lightning_logs_version_26_checkpoints_last_x_1_y_1_z_2_average_threshold_0.5_prediction_peak_min_val_0_2_method_center_of_mass.resampled_space_peaks.csv,4452,1123,3679,0.7985650224215247,0.5475341286434633,0.6496424923391216
169,./dataset/fiddlercrab_corneas/whole/test_images_10/flammula_20190925_male_left-image.nii,./dataset/fiddlercrab_corneas/whole/test_labels_10/flammula_20190925_male_left-corneas.csv,./output/flammula_20190925_male_left-image.logs_fiddlercrab_corneas_lightning_logs_version_26_checkpoints_last_x_1_y_1_z_1_average_threshold_0.4_prediction_peak_min_val_0_2_method_center_of_mass.resampled_space_peaks.csv,3304,645,4827,0.8366675107622182,0.40634608289263313,0.5470198675496689
170,./dataset/fiddlercrab_corneas/whole/test_images_10/flammula_20190925_male_left-image.nii,./dataset/fiddlercrab_corneas/whole/test_labels_10/flammula_20190925_male_left-corneas.csv,./output/flammula_20190925_male_left-image.logs_fiddlercrab_corneas_lightning_logs_version_26_checkpoints_last_x_1_y_1_z_1_average_threshold_0.4_prediction_peak_min_val_0_25_method_center_of_mass.resampled_space_peaks.csv,3304,645,4827,0.8366675107622182,0.40634608289263313,0.5470198675496689
171,./dataset/fiddlercrab_corneas/whole/test_images_10/dampieri_male_16-image.nii,./dataset/fiddlercrab_corneas/whole/test_labels_10/dampieri_male_16-corneas.csv,./output/dampieri_male_16-image.logs_fiddlercrab_corneas_lightning_logs_version_26_checkpoints_last_x_1_y_1_z_1_average_threshold_None_prediction_peak_min_val_0_4_method_center_of_mass.resampled_space_peaks.csv,4940,1014,316,0.8296943231441049,0.9398782343987824,0.8813559322033899
172,./dataset/fiddlercrab_corneas/whole/test_images_10/flammula_20190925_male_left-image.nii,./dataset/fiddlercrab_corneas/whole/test_labels_10/flammula_20190925_male_left-corneas.csv,./output/flammula_20190925_male_left-image.logs_fiddlercrab_corneas_lightning_logs_version_26_checkpoints_last_x_1_y_1_z_2_average_threshold_0.2_prediction_peak_min_val_0_2_method_center_of_mass.resampled_space_peaks.csv,4711,576,3420,0.8910535275203328,0.5793875292091993,0.7021910866000894
173,./dataset/fiddlercrab_corneas/whole/test_images_10/flammula_20190925_male_left-image.nii,./dataset/fiddlercrab_corneas/whole/test_labels_10/flammula_20190925_male_left-corneas.csv,./output/flammula_20190925_male_left-image.logs_fiddlercrab_corneas_lightning_logs_version_26_checkpoints_last_x_1_y_1_z_2_average_threshold_0.4_prediction_peak_min_val_0_2_method_max_filter.resampled_space_peaks.csv,5021,1585,3110,0.7600666061156525,0.6175132210060263,0.6814141277057746
174,./dataset/fiddlercrab_corneas/whole/test_images_10/flammula_20190925_male_left-image.nii,./dataset/fiddlercrab_corneas/whole/test_labels_10/flammula_20190925_male_left-corneas.csv,./output/flammula_20190925_male_left-image.logs_fiddlercrab_corneas_lightning_logs_version_26_checkpoints_last_x_1_y_1_z_2_average_threshold_0.5_prediction_peak_min_val_0_3_method_center_of_mass.resampled_space_peaks.csv,4452,1123,3679,0.7985650224215247,0.5475341286434633,0.6496424923391216
175,./dataset/fiddlercrab_corneas/whole/test_images_10/dampieri_male_16-image.nii,./dataset/fiddlercrab_corneas/whole/test_labels_10/dampieri_male_16-corneas.csv,./output/dampieri_male_16-image.logs_fiddlercrab_corneas_lightning_logs_version_26_checkpoints_last_x_1_y_1_z_1_average_threshold_0.3_prediction_peak_min_val_0_25_method_max_filter.resampled_space_peaks.csv,5135,1250,121,0.8042286609240408,0.976978691019787,0.8822266128339491
176,./dataset/fiddlercrab_corneas/whole/test_images_10/dampieri_male_16-image.nii,./dataset/fiddlercrab_corneas/whole/test_labels_10/dampieri_male_16-corneas.csv,./output/dampieri_male_16-image.logs_fiddlercrab_corneas_lightning_logs_version_26_checkpoints_last_x_1_y_1_z_2_average_threshold_0.5_prediction_peak_min_val_0_2_method_center_of_mass.resampled_space_peaks.csv,5209,1195,47,0.8133978763272954,0.9910578386605784,0.8934819897084049
177,./dataset/fiddlercrab_corneas/whole/test_images_10/flammula_20190925_male_left-image.nii,./dataset/fiddlercrab_corneas/whole/test_labels_10/flammula_20190925_male_left-corneas.csv,./output/flammula_20190925_male_left-image.logs_fiddlercrab_corneas_lightning_logs_version_26_checkpoints_last_x_1_y_1_z_1_average_threshold_None_prediction_peak_min_val_0_5_method_max_filter.resampled_space_peaks.csv,2978,570,5153,0.8393461104847801,0.36625261345467963,0.5099751691069442
178,./dataset/fiddlercrab_corneas/whole/test_images_10/flammula_20190925_male_left-image.nii,./dataset/fiddlercrab_corneas/whole/test_labels_10/flammula_20190925_male_left-corneas.csv,./output/flammula_20190925_male_left-image.logs_fiddlercrab_corneas_lightning_logs_version_26_checkpoints_last_x_1_y_1_z_2_average_threshold_0.3_prediction_peak_min_val_0_3_method_center_of_mass.resampled_space_peaks.csv,5513,1350,2618,0.8032930205449512,0.6780223834706678,0.735360810991063
179,./dataset/fiddlercrab_corneas/whole/test_images_10/dampieri_male_16-image.nii,./dataset/fiddlercrab_corneas/whole/test_labels_10/dampieri_male_16-corneas.csv,./output/dampieri_male_16-image.logs_fiddlercrab_corneas_lightning_logs_version_26_checkpoints_last_x_1_y_1_z_2_average_threshold_0.5_prediction_peak_min_val_0_5_method_max_filter.resampled_space_peaks.csv,5213,1424,43,0.7854452312791924,0.9918188736681888,0.8766501303287648
180,./dataset/fiddlercrab_corneas/whole/test_images_10/dampieri_male_16-image.nii,./dataset/fiddlercrab_corneas/whole/test_labels_10/dampieri_male_16-corneas.csv,./output/dampieri_male_16-image.logs_fiddlercrab_corneas_lightning_logs_version_26_checkpoints_last_x_1_y_1_z_2_average_threshold_0.3_prediction_peak_min_val_0_2_method_max_filter.resampled_space_peaks.csv,5241,1748,15,0.7498926885105165,0.9971461187214612,0.8560228664761127
181,./dataset/fiddlercrab_corneas/whole/test_images_10/dampieri_male_16-image.nii,./dataset/fiddlercrab_corneas/whole/test_labels_10/dampieri_male_16-corneas.csv,./output/dampieri_male_16-image.logs_fiddlercrab_corneas_lightning_logs_version_26_checkpoints_last_x_1_y_1_z_1_average_threshold_0.2_prediction_peak_min_val_0_5_method_max_filter.resampled_space_peaks.csv,4955,1048,301,0.8254206230218224,0.9427321156773212,0.8801847410960121
182,./dataset/fiddlercrab_corneas/whole/test_images_10/dampieri_male_16-image.nii,./dataset/fiddlercrab_corneas/whole/test_labels_10/dampieri_male_16-corneas.csv,./output/dampieri_male_16-image.logs_fiddlercrab_corneas_lightning_logs_version_26_checkpoints_last_x_1_y_1_z_2_average_threshold_None_prediction_peak_min_val_0_2_method_center_of_mass.resampled_space_peaks.csv,2101,435,3155,0.8284700315457413,0.3997336377473364,0.5392710472279262
183,./dataset/fiddlercrab_corneas/whole/test_images_10/flammula_20190925_male_left-image.nii,./dataset/fiddlercrab_corneas/whole/test_labels_10/flammula_20190925_male_left-corneas.csv,./output/flammula_20190925_male_left-image.logs_fiddlercrab_corneas_lightning_logs_version_26_checkpoints_last_x_1_y_1_z_1_average_threshold_0.4_prediction_peak_min_val_0_5_method_max_filter.resampled_space_peaks.csv,2946,565,5185,0.8390771859868983,0.36231705817242654,0.5060986084865143
184,./dataset/fiddlercrab_corneas/whole/test_images_10/flammula_20190925_male_left-image.nii,./dataset/fiddlercrab_corneas/whole/test_labels_10/flammula_20190925_male_left-corneas.csv,./output/flammula_20190925_male_left-image.logs_fiddlercrab_corneas_lightning_logs_version_26_checkpoints_last_x_1_y_1_z_2_average_threshold_None_prediction_peak_min_val_0_2_method_center_of_mass.resampled_space_peaks.csv,4862,920,3269,0.8408855067450709,0.5979584306973312,0.6989146841083879
185,./dataset/fiddlercrab_corneas/whole/test_images_10/flammula_20190925_male_left-image.nii,./dataset/fiddlercrab_corneas/whole/test_labels_10/flammula_20190925_male_left-corneas.csv,./output/flammula_20190925_male_left-image.logs_fiddlercrab_corneas_lightning_logs_version_26_checkpoints_last_x_1_y_1_z_1_average_threshold_0.4_prediction_peak_min_val_0_4_method_center_of_mass.resampled_space_peaks.csv,3304,645,4827,0.8366675107622182,0.40634608289263313,0.5470198675496689
186,./dataset/fiddlercrab_corneas/whole/test_images_10/flammula_20190925_male_left-image.nii,./dataset/fiddlercrab_corneas/whole/test_labels_10/flammula_20190925_male_left-corneas.csv,./output/flammula_20190925_male_left-image.logs_fiddlercrab_corneas_lightning_logs_version_26_checkpoints_last_x_1_y_1_z_2_average_threshold_0.5_prediction_peak_min_val_0_4_method_center_of_mass.resampled_space_peaks.csv,4452,1123,3679,0.7985650224215247,0.5475341286434633,0.6496424923391216
187,./dataset/fiddlercrab_corneas/whole/test_images_10/flammula_20190925_male_left-image.nii,./dataset/fiddlercrab_corneas/whole/test_labels_10/flammula_20190925_male_left-corneas.csv,./output/flammula_20190925_male_left-image.logs_fiddlercrab_corneas_lightning_logs_version_26_checkpoints_last_prediction.resampled_space_peaks.csv,2978,553,5153,0.843387142452563,0.36625261345467963,0.5107185731435431
188,./dataset/fiddlercrab_corneas/whole/test_images_10/flammula_20190925_male_left-image.nii,./dataset/fiddlercrab_corneas/whole/test_labels_10/flammula_20190925_male_left-corneas.csv,./output/flammula_20190925_male_left-image.logs_fiddlercrab_corneas_lightning_logs_version_26_checkpoints_last_x_1_y_1_z_1_average_threshold_0.3_prediction_peak_min_val_0_3_method_center_of_mass.resampled_space_peaks.csv,4040,826,4091,0.8302507192766132,0.4968638543844546,0.6216819265984457
189,./dataset/fiddlercrab_corneas/whole/test_images_10/flammula_20190925_male_left-image.nii,./dataset/fiddlercrab_corneas/whole/test_labels_10/flammula_20190925_male_left-corneas.csv,./output/flammula_20190925_male_left-image.logs_fiddlercrab_corneas_lightning_logs_version_26_checkpoints_last_x_1_y_1_z_2_average_threshold_0.4_prediction_peak_min_val_0_25_method_max_filter.resampled_space_peaks.csv,5021,1585,3110,0.7600666061156525,0.6175132210060263,0.6814141277057746
190,./dataset/fiddlercrab_corneas/whole/test_images_10/dampieri_male_16-image.nii,./dataset/fiddlercrab_corneas/whole/test_labels_10/dampieri_male_16-corneas.csv,./output/dampieri_male_16-image.logs_fiddlercrab_corneas_lightning_logs_version_26_checkpoints_last_x_1_y_1_z_2_average_threshold_0.3_prediction_peak_min_val_0_3_method_center_of_mass.resampled_space_peaks.csv,3774,799,1482,0.8252788104089219,0.7180365296803652,0.767931630888188
191,./dataset/fiddlercrab_corneas/whole/test_images_10/dampieri_male_16-image.nii,./dataset/fiddlercrab_corneas/whole/test_labels_10/dampieri_male_16-corneas.csv,./output/dampieri_male_16-image.logs_fiddlercrab_corneas_lightning_logs_version_26_checkpoints_last_prediction.resampled_space_peaks.csv,4962,1050,294,0.8253493013972056,0.9440639269406392,0.8807241746538872
192,./dataset/fiddlercrab_corneas/whole/test_images_10/flammula_20190925_male_left-image.nii,./dataset/fiddlercrab_corneas/whole/test_labels_10/flammula_20190925_male_left-corneas.csv,./output/flammula_20190925_male_left-image.logs_fiddlercrab_corneas_lightning_logs_version_26_checkpoints_last_x_1_y_1_z_1_average_threshold_0.2_prediction_peak_min_val_0_3_method_center_of_mass.resampled_space_peaks.csv,4155,827,3976,0.8340024086712163,0.5110072561800516,0.633722260352322
193,./dataset/fiddlercrab_corneas/whole/test_images_10/dampieri_male_16-image.nii,./dataset/fiddlercrab_corneas/whole/test_labels_10/dampieri_male_16-corneas.csv,./output/dampieri_male_16-image.logs_fiddlercrab_corneas_lightning_logs_version_26_checkpoints_last_x_1_y_1_z_1_average_threshold_0.5_prediction_peak_min_val_0_3_method_max_filter.resampled_space_peaks.csv,4916,1019,340,0.828306655433867,0.9353120243531202,0.878563131087481
194,./dataset/fiddlercrab_corneas/whole/test_images_10/dampieri_male_16-image.nii,./dataset/fiddlercrab_corneas/whole/test_labels_10/dampieri_male_16-corneas.csv,./output/dampieri_male_16-image.logs_fiddlercrab_corneas_lightning_logs_version_26_checkpoints_last_x_1_y_1_z_2_average_threshold_0.2_prediction_peak_min_val_0_3_method_max_filter.resampled_space_peaks.csv,5242,1854,14,0.7387260428410372,0.9973363774733638,0.8487694300518134
195,./dataset/fiddlercrab_corneas/whole/test_images_10/dampieri_male_16-image.nii,./dataset/fiddlercrab_corneas/whole/test_labels_10/dampieri_male_16-corneas.csv,./output/dampieri_male_16-image.logs_fiddlercrab_corneas_lightning_logs_version_26_checkpoints_last_x_1_y_1_z_2_average_threshold_0.2_prediction_peak_min_val_0_5_method_center_of_mass.resampled_space_peaks.csv,5213,1224,43,0.8098493086841696,0.9918188736681888,0.8916445736765586
196,./dataset/fiddlercrab_corneas/whole/test_images_10/flammula_20190925_male_left-image.nii,./dataset/fiddlercrab_corneas/whole/test_labels_10/flammula_20190925_male_left-corneas.csv,./output/flammula_20190925_male_left-image.logs_fiddlercrab_corneas_lightning_logs_version_26_checkpoints_last_x_1_y_1_z_1_average_threshold_0.2_prediction_peak_min_val_0_25_method_center_of_mass.resampled_space_peaks.csv,4217,757,3914,0.8478086047446723,0.518632394539417,0.6435711560473102
197,./dataset/fiddlercrab_corneas/whole/test_images_10/flammula_20190925_male_left-image.nii,./dataset/fiddlercrab_corneas/whole/test_labels_10/flammula_20190925_male_left-corneas.csv,./output/flammula_20190925_male_left-image.logs_fiddlercrab_corneas_lightning_logs_version_26_checkpoints_last_x_1_y_1_z_2_average_threshold_0.3_prediction_peak_min_val_0_4_method_max_filter.resampled_space_peaks.csv,5208,2035,2923,0.7190390722076487,0.6405116221866929,0.6775074801613112
198,./dataset/fiddlercrab_corneas/whole/test_images_10/dampieri_male_16-image.nii,./dataset/fiddlercrab_corneas/whole/test_labels_10/dampieri_male_16-corneas.csv,./output/dampieri_male_16-image.logs_fiddlercrab_corneas_lightning_logs_version_26_checkpoints_last_x_1_y_1_z_1_average_threshold_0.5_prediction_peak_min_val_0_2_method_max_filter.resampled_space_peaks.csv,4916,1019,340,0.828306655433867,0.9353120243531202,0.878563131087481
199,./dataset/fiddlercrab_corneas/whole/test_images_10/dampieri_male_16-image.nii,./dataset/fiddlercrab_corneas/whole/test_labels_10/dampieri_male_16-corneas.csv,./output/dampieri_male_16-image.logs_fiddlercrab_corneas_lightning_logs_version_26_checkpoints_last_x_1_y_1_z_2_average_threshold_0.4_prediction_peak_min_val_0_5_method_center_of_mass.resampled_space_peaks.csv,5217,1217,39,0.8108486167236556,0.992579908675799,0.892557741659538
200,./dataset/fiddlercrab_corneas/whole/test_images_10/flammula_20190925_male_left-image.nii,./dataset/fiddlercrab_corneas/whole/test_labels_10/flammula_20190925_male_left-corneas.csv,./output/flammula_20190925_male_left-image.logs_fiddlercrab_corneas_lightning_logs_version_26_checkpoints_last_x_1_y_1_z_1_average_threshold_0.2_prediction_peak_min_val_0_2_method_max_filter.resampled_space_peaks.csv,4823,1199,3308,0.8008967120557954,0.5931619726970853,0.6815516144986928
201,./dataset/fiddlercrab_corneas/whole/test_images_10/flammula_20190925_male_left-image.nii,./dataset/fiddlercrab_corneas/whole/test_labels_10/flammula_20190925_male_left-corneas.csv,./output/flammula_20190925_male_left-image.logs_fiddlercrab_corneas_lightning_logs_version_26_checkpoints_last_x_1_y_1_z_2_average_threshold_0.3_prediction_peak_min_val_0_2_method_center_of_mass.resampled_space_peaks.csv,5513,1350,2618,0.8032930205449512,0.6780223834706678,0.735360810991063
202,./dataset/fiddlercrab_corneas/whole/test_images_10/dampieri_male_16-image.nii,./dataset/fiddlercrab_corneas/whole/test_labels_10/dampieri_male_16-corneas.csv,./output/dampieri_male_16-image.logs_fiddlercrab_corneas_lightning_logs_version_26_checkpoints_last_x_1_y_1_z_2_average_threshold_None_prediction_peak_min_val_0_25_method_center_of_mass.resampled_space_peaks.csv,3179,630,2077,0.8346022578104489,0.6048325722983258,0.7013789299503586
203,./dataset/fiddlercrab_corneas/whole/test_images_10/flammula_20190925_male_left-image.nii,./dataset/fiddlercrab_corneas/whole/test_labels_10/flammula_20190925_male_left-corneas.csv,./output/flammula_20190925_male_left-image.logs_fiddlercrab_corneas_lightning_logs_version_26_checkpoints_last_x_1_y_1_z_1_average_threshold_0.4_prediction_peak_min_val_0_3_method_max_filter.resampled_space_peaks.csv,3304,669,4827,0.8316133903850994,0.40634608289263313,0.5459352280237938
204,./dataset/fiddlercrab_corneas/whole/test_images_10/flammula_20190925_male_left-image.nii,./dataset/fiddlercrab_corneas/whole/test_labels_10/flammula_20190925_male_left-corneas.csv,./output/flammula_20190925_male_left-image.logs_fiddlercrab_corneas_lightning_logs_version_26_checkpoints_last_x_1_y_1_z_2_average_threshold_0.2_prediction_peak_min_val_0_3_method_max_filter.resampled_space_peaks.csv,5703,2917,2428,0.661600928074246,0.7013897429590457,0.6809145722643425
205,./dataset/fiddlercrab_corneas/whole/test_images_10/flammula_20190925_male_left-image.nii,./dataset/fiddlercrab_corneas/whole/test_labels_10/flammula_20190925_male_left-corneas.csv,./output/flammula_20190925_male_left-image.logs_fiddlercrab_corneas_lightning_logs_version_26_checkpoints_last_x_1_y_1_z_2_average_threshold_0.2_prediction_peak_min_val_0_25_method_center_of_mass.resampled_space_peaks.csv,5206,771,2925,0.8710055211644637,0.6402656499815521,0.7380209810036858
206,./dataset/fiddlercrab_corneas/whole/test_images_10/dampieri_male_16-image.nii,./dataset/fiddlercrab_corneas/whole/test_labels_10/dampieri_male_16-corneas.csv,./output/dampieri_male_16-image.logs_fiddlercrab_corneas_lightning_logs_version_26_checkpoints_last_x_1_y_1_z_2_average_threshold_0.5_prediction_peak_min_val_0_3_method_max_filter.resampled_space_peaks.csv,5213,1424,43,0.7854452312791924,0.9918188736681888,0.8766501303287648
